cluster,haselectricity
1,No
1,No
1,No
1,No
1,No
1,No
1,No
1,No
1,No
1,No
1,No
1,No
1,No
1,No
1,No
1,No
1,No
1,No
1,No
1,No
1,No
1,No
1,No
1,No
1,No
1,No
2,No
2,No
2,No
2,No
2,No
2,No
2,No
2,No
2,No
2,No
2,No
2,No
2,No
2,No
2,No
2,No
2,No
2,No
2,No
2,No
2,No
2,No
2,No
2,No
2,No
2,No
3,No
3,No
3,No
3,No
3,No
3,No
3,No
3,No
3,No
3,No
3,No
3,No
3,No
3,No
3,No
3,No
3,No
3,No
3,No
3,No
3,No
3,No
3,No
3,No
4,No
4,No
4,No
4,No
4,No
4,No
4,No
4,No
4,No
4,No
4,No
4,No
4,No
4,No
4,No
4,No
4,No
4,No
4,No
4,No
4,No
4,No
4,No
4,No
4,No
5,No
5,No
5,No
5,No
5,No
5,No
5,No
5,No
5,No
5,No
5,No
5,No
5,No
5,No
5,No
5,No
5,No
5,No
5,No
5,No
5,No
5,No
5,No
5,No
5,No
6,No
6,No
6,No
6,No
6,No
6,No
6,No
6,No
6,No
6,No
6,No
6,No
6,No
6,No
6,No
6,No
6,No
6,No
6,No
6,No
6,No
6,No
6,No
6,No
6,No
6,No
7,No
7,No
7,No
7,No
7,No
7,No
7,No
7,No
7,No
7,No
7,No
7,No
7,No
7,No
7,No
7,No
7,No
7,No
7,No
7,No
7,No
7,No
7,No
7,No
7,No
8,No
8,No
8,No
8,No
8,No
8,No
8,No
8,No
8,No
8,No
8,No
8,No
8,No
8,No
8,No
8,No
8,No
8,No
8,No
8,No
8,No
8,No
8,No
8,No
8,No
8,No
9,Yes
9,Yes
9,Yes
9,Yes
9,No
9,Yes
9,Yes
9,No
9,No
9,No
9,Yes
9,Yes
9,Yes
9,Yes
9,Yes
9,Yes
9,No
9,Yes
9,Yes
9,Yes
9,Yes
9,Yes
9,No
9,Yes
9,No
10,No
10,No
10,Yes
10,No
10,No
10,No
10,Yes
10,No
10,No
10,No
10,No
10,No
10,No
10,No
10,No
10,Yes
10,No
10,No
10,Yes
10,No
10,Yes
10,No
10,Yes
10,No
10,Yes
11,No
11,No
11,No
11,No
11,No
11,No
11,No
11,No
11,No
11,No
11,No
11,No
11,No
11,No
11,No
11,No
11,No
11,No
11,No
11,No
11,No
11,No
11,No
11,No
11,No
11,No
12,No
12,No
12,No
12,No
12,No
12,No
12,No
12,No
12,No
12,No
12,No
12,No
12,No
12,No
12,No
12,No
12,No
12,No
12,No
12,No
12,No
12,No
12,No
12,No
12,No
13,No
13,No
13,No
13,No
13,No
13,No
13,No
13,No
13,No
13,No
13,No
13,No
13,No
13,No
13,No
13,No
13,No
13,No
13,No
13,No
13,No
13,No
13,No
13,No
13,No
13,No
14,No
14,No
14,No
14,No
14,No
14,No
14,No
14,No
14,No
14,No
14,No
14,No
14,No
14,No
14,No
14,No
14,No
14,No
14,No
14,No
14,No
14,No
14,No
14,No
14,No
15,No
15,No
15,No
15,No
15,No
15,No
15,No
15,No
15,No
15,No
15,No
15,No
15,No
15,No
15,No
15,No
15,No
15,No
15,No
15,No
15,No
15,No
15,No
15,No
15,No
16,No
16,No
16,No
16,No
16,No
16,No
16,No
16,No
16,No
16,No
16,No
16,No
16,No
16,No
16,No
16,No
16,No
16,No
16,No
16,No
16,No
16,No
16,No
16,No
16,No
16,No
17,No
17,No
17,No
17,No
17,No
17,No
17,No
17,No
17,No
17,No
17,No
17,No
17,No
17,No
17,No
17,No
17,No
17,No
17,No
17,No
17,No
17,No
17,No
17,No
17,No
17,No
18,No
18,No
18,No
18,No
18,No
18,No
18,No
18,No
18,No
18,No
18,No
18,No
18,No
18,No
18,No
18,No
18,No
18,No
18,No
18,No
18,No
18,No
18,No
18,No
18,No
18,No
19,No
19,No
19,No
19,No
19,No
19,No
19,No
19,No
19,No
19,No
19,No
19,No
19,No
19,No
19,No
19,No
19,No
19,No
19,No
19,No
19,No
19,No
19,No
19,No
19,No
19,No
20,No
20,No
20,No
20,No
20,No
20,No
20,No
20,No
20,No
20,No
20,No
20,No
20,No
20,No
20,No
20,No
20,No
20,No
20,No
20,No
20,No
20,No
20,No
20,No
20,No
21,No
21,No
21,No
21,No
21,No
21,No
21,No
21,No
21,Yes
21,No
21,No
21,No
21,No
21,No
21,No
21,No
21,No
21,No
21,No
21,No
21,No
21,No
21,No
21,No
22,No
22,No
22,No
22,No
22,No
22,No
22,No
22,No
22,No
22,No
22,No
22,No
22,No
22,No
22,No
22,No
22,No
22,No
22,No
22,No
22,No
22,No
22,No
22,No
22,No
22,No
23,Yes
23,Yes
23,Yes
23,Yes
23,No
23,Yes
23,Yes
23,Yes
23,Yes
23,Yes
23,Yes
23,Yes
23,Yes
23,Yes
23,Yes
23,Yes
23,Yes
23,Yes
23,No
23,Yes
23,Yes
23,Yes
24,Yes
24,No
24,No
24,No
24,No
24,No
24,No
24,No
24,No
24,No
24,No
24,No
24,No
24,No
24,No
24,No
24,No
24,No
24,No
24,No
24,No
24,No
24,No
24,No
24,No
24,No
25,No
25,No
25,No
25,No
25,No
25,No
25,No
25,No
25,Yes
25,No
25,No
25,No
25,No
25,No
25,No
25,No
25,No
25,No
25,No
25,No
25,No
25,No
25,No
25,No
25,No
26,No
26,No
26,No
26,No
26,No
26,No
26,No
26,No
26,No
26,No
26,No
26,No
26,No
26,No
26,No
26,No
26,No
26,No
26,No
26,No
26,No
26,No
26,No
26,No
26,No
27,No
27,No
27,No
27,No
27,No
27,No
27,No
27,No
27,No
27,No
27,No
27,No
27,No
27,No
27,No
27,No
27,No
27,No
27,No
27,No
27,No
27,No
27,No
27,No
27,No
27,No
28,No
28,No
28,No
28,No
28,No
28,No
28,No
28,No
28,No
28,No
28,No
28,No
28,No
28,No
28,No
28,No
28,No
28,No
28,No
28,No
28,No
28,No
28,No
28,No
28,No
29,Yes
29,Yes
29,Yes
29,No
29,Yes
29,No
29,Yes
29,Yes
29,Yes
29,Yes
29,Yes
29,Yes
29,Yes
29,Yes
29,Yes
29,Yes
29,No
29,Yes
29,Yes
29,Yes
29,Yes
29,No
29,Yes
29,Yes
29,Yes
29,Yes
30,No
30,No
30,No
30,No
30,No
30,No
30,No
30,No
30,No
30,No
30,No
30,No
30,No
30,No
30,No
30,No
30,No
30,No
30,No
30,No
30,No
30,No
30,No
30,No
30,No
30,No
31,No
31,No
31,No
31,No
31,No
31,No
31,No
31,No
31,No
31,No
31,No
31,No
31,No
31,No
31,No
31,No
31,No
31,No
31,No
31,No
31,No
31,No
31,No
31,No
31,No
31,No
32,No
32,No
32,No
32,No
32,No
32,No
32,No
32,No
32,No
32,No
32,No
32,No
32,No
32,No
32,No
32,No
32,No
32,No
32,No
32,No
32,No
32,No
32,No
32,No
32,No
33,No
33,No
33,Yes
33,No
33,Yes
33,No
33,Yes
33,Yes
33,No
33,Yes
33,Yes
33,Yes
33,No
33,Yes
33,No
33,Yes
33,No
33,No
33,No
33,No
33,No
33,No
33,No
33,No
34,No
34,No
34,No
34,No
34,No
34,No
34,No
34,No
34,No
34,No
34,No
34,No
34,No
34,No
34,No
34,No
34,No
34,No
34,No
34,No
34,No
34,No
34,No
34,No
34,No
34,No
35,No
35,No
35,No
35,No
35,No
35,No
35,No
35,No
35,No
35,No
35,No
35,No
35,No
35,No
35,No
35,No
35,No
35,No
35,No
35,No
35,No
35,No
35,No
35,No
35,No
36,No
36,No
36,No
36,No
36,No
36,No
36,No
36,No
36,No
36,No
36,No
36,No
36,No
36,No
36,No
36,No
36,No
36,No
36,No
36,No
36,No
36,No
36,No
36,No
36,No
36,No
37,No
37,No
37,No
37,No
37,No
37,No
37,No
37,No
37,No
37,Yes
37,No
37,No
37,No
37,Yes
37,No
37,Yes
37,No
37,No
37,No
37,No
37,No
37,No
37,No
37,No
37,No
37,No
38,Yes
38,Yes
38,Yes
38,Yes
38,Yes
38,Yes
38,No
38,No
38,No
38,Yes
38,No
38,Yes
38,No
38,No
38,No
38,Yes
38,No
38,Yes
38,No
38,Yes
38,No
38,No
38,No
38,No
38,No
38,Yes
39,No
39,No
39,No
39,No
39,No
39,No
39,No
39,No
39,No
39,No
39,No
39,No
39,No
39,No
39,No
39,No
39,No
39,No
39,No
39,No
39,No
39,No
39,No
39,No
39,No
39,No
40,No
40,No
40,No
40,No
40,No
40,No
40,No
40,No
40,No
40,No
40,No
40,No
40,No
40,No
40,No
40,No
40,No
40,No
40,No
40,No
40,No
40,No
40,No
40,No
40,No
41,Yes
41,No
41,No
41,No
41,No
41,No
41,No
41,No
41,No
41,No
41,No
41,No
41,No
41,No
41,No
41,No
41,No
41,No
41,No
41,No
41,No
41,No
41,No
41,No
41,No
42,No
42,No
42,No
42,No
42,No
42,No
42,No
42,No
42,No
42,No
42,No
42,No
42,No
42,No
42,No
42,No
42,No
42,No
42,No
42,No
42,No
42,No
42,No
42,No
42,No
42,No
43,No
43,No
43,No
43,No
43,No
43,No
43,No
43,No
43,No
43,No
43,No
43,No
43,No
43,No
43,No
43,No
43,No
43,No
43,No
43,No
43,No
43,No
43,No
43,No
43,No
44,No
44,No
44,No
44,No
44,No
44,No
44,No
44,No
44,No
44,No
44,No
44,No
44,No
44,No
44,No
44,No
44,No
44,No
44,No
44,No
44,No
44,No
44,No
44,No
44,No
45,No
45,No
45,No
45,No
45,No
45,No
45,No
45,No
45,No
45,No
45,No
45,No
45,No
45,No
45,No
45,No
45,No
45,No
45,No
45,No
45,No
45,No
45,No
45,No
45,No
45,No
46,Yes
46,Yes
46,Yes
46,Yes
46,No
46,Yes
46,Yes
46,Yes
46,Yes
46,Yes
46,Yes
46,No
46,Yes
46,Yes
46,Yes
46,No
46,Yes
46,Yes
46,Yes
46,Yes
46,Yes
46,No
46,Yes
46,No
46,Yes
46,No
47,No
47,No
47,No
47,No
47,No
47,No
47,No
47,No
47,No
47,No
47,No
47,No
47,No
47,No
47,No
47,No
47,No
47,No
47,No
47,No
47,No
47,No
47,No
47,No
47,No
48,No
48,No
48,No
48,No
48,No
48,No
48,No
48,No
48,No
48,No
48,No
48,No
48,No
48,No
48,No
48,No
48,No
48,No
48,No
48,No
48,No
48,No
48,No
48,No
48,Yes
49,No
49,No
49,No
49,No
49,No
49,No
49,No
49,No
49,No
49,No
49,No
49,No
49,No
49,No
49,No
49,No
49,No
49,No
49,No
49,No
49,No
49,No
49,No
49,No
49,No
49,No
50,No
50,No
50,No
50,No
50,No
50,No
50,No
50,No
50,No
50,No
50,No
50,No
50,No
50,No
50,No
50,No
50,No
50,No
50,No
50,No
50,No
50,No
50,No
50,No
50,No
50,No
51,No
51,No
51,No
51,No
51,No
51,No
51,No
51,No
51,No
51,No
51,No
51,No
51,No
51,No
51,No
51,No
51,No
51,No
51,No
51,No
51,No
51,No
51,No
51,No
51,No
51,No
52,No
52,No
52,Yes
52,No
52,Yes
52,No
52,No
52,No
52,No
52,No
52,Yes
52,Yes
52,Yes
52,Yes
52,Yes
52,Yes
52,Yes
52,Yes
52,Yes
52,Yes
52,Yes
52,Yes
52,Yes
52,Yes
52,Yes
53,No
53,No
53,No
53,No
53,No
53,No
53,No
53,No
53,No
53,No
53,No
53,No
53,No
53,No
53,No
53,No
53,No
53,No
53,No
53,No
53,No
53,No
53,No
53,No
53,No
53,No
54,No
54,No
54,No
54,No
54,No
54,No
54,No
54,No
54,No
54,No
54,No
54,No
54,No
54,No
54,No
54,No
54,No
54,No
54,No
54,No
54,No
54,No
54,No
54,No
54,No
54,No
55,No
55,No
55,No
55,No
55,No
55,No
55,No
55,No
55,No
55,No
55,No
55,No
55,No
55,No
55,No
55,No
55,No
55,No
55,No
55,No
55,No
55,No
55,No
55,No
55,No
56,Yes
56,No
56,Yes
56,Yes
56,Yes
56,Yes
56,Yes
56,Yes
56,Yes
56,Yes
56,Yes
56,Yes
56,Yes
56,Yes
56,Yes
56,Yes
56,No
56,Yes
56,Yes
56,Yes
56,Yes
56,Yes
56,No
56,Yes
57,Yes
57,Yes
57,Yes
57,No
57,Yes
57,Yes
57,Yes
57,No
57,No
57,Yes
57,Yes
57,No
57,Yes
57,Yes
57,No
57,Yes
57,Yes
57,Yes
57,Yes
57,Yes
57,Yes
57,Yes
57,Yes
57,Yes
57,Yes
58,No
58,No
58,No
58,No
58,No
58,No
58,No
58,No
58,No
58,No
58,No
58,No
58,No
58,No
58,No
58,No
58,No
58,No
58,No
58,No
58,No
58,No
58,No
58,No
58,No
59,No
59,No
59,No
59,No
59,No
59,No
59,No
59,No
59,No
59,No
59,No
59,No
59,No
59,No
59,No
59,No
59,No
59,No
59,No
59,No
59,No
59,No
59,No
59,No
59,No
59,No
60,Yes
60,Yes
60,Yes
60,Yes
60,No
60,Yes
60,Yes
60,Yes
60,Yes
60,Yes
60,Yes
60,Yes
60,Yes
60,Yes
60,Yes
60,Yes
60,Yes
60,Yes
60,Yes
60,No
60,Yes
60,Yes
60,Yes
60,Yes
60,Yes
60,Yes
61,No
61,No
61,No
61,No
61,No
61,No
61,No
61,No
61,No
61,No
61,No
61,No
61,No
61,No
61,No
61,No
61,No
61,No
61,No
61,No
61,No
61,No
61,No
61,No
61,No
61,No
62,No
62,No
62,No
62,No
62,No
62,No
62,No
62,No
62,No
62,No
62,No
62,No
62,No
62,No
62,No
62,No
62,No
62,No
62,No
62,No
62,No
62,No
62,No
62,No
62,No
63,No
63,No
63,No
63,No
63,No
63,No
63,No
63,No
63,No
63,No
63,No
63,No
63,No
63,No
63,No
63,No
63,No
63,No
63,No
63,No
63,No
63,No
63,No
63,No
63,No
63,No
64,No
64,No
64,No
64,No
64,No
64,No
64,No
64,No
64,No
64,No
64,No
64,No
64,No
64,No
64,No
64,No
64,No
64,No
64,No
64,No
64,No
64,No
64,No
64,No
64,No
64,No
65,No
65,No
65,No
65,No
65,No
65,No
65,No
65,No
65,No
65,No
65,No
65,No
65,Yes
65,No
65,No
65,No
65,No
65,No
65,No
65,No
65,No
65,No
65,No
65,No
65,No
65,No
66,No
66,No
66,Yes
66,No
66,No
66,No
66,No
66,No
66,No
66,No
66,No
66,No
66,No
66,No
66,No
66,No
66,No
66,No
66,No
66,No
66,No
66,No
66,No
66,No
66,No
66,No
67,No
67,No
67,No
67,No
67,No
67,No
67,No
67,No
67,No
67,No
67,No
67,No
67,No
67,No
67,No
67,No
67,No
67,No
67,No
67,No
67,No
67,No
67,No
67,No
67,No
67,No
68,No
68,No
68,No
68,No
68,No
68,No
68,No
68,No
68,No
68,No
68,No
68,No
68,No
68,No
68,No
68,No
68,No
68,No
68,No
68,No
68,No
68,No
68,No
68,No
68,No
68,No
69,No
69,No
69,Yes
69,Yes
69,No
69,Yes
69,No
69,No
69,No
69,No
69,No
69,No
69,No
69,Yes
69,No
69,No
69,No
69,No
69,No
69,No
69,No
69,No
69,Yes
69,Yes
69,No
70,Yes
70,No
70,Yes
70,Yes
70,Yes
70,Yes
70,Yes
70,No
70,Yes
70,Yes
70,Yes
70,Yes
70,Yes
70,Yes
70,Yes
70,Yes
70,No
70,Yes
70,Yes
70,No
70,No
70,Yes
70,Yes
70,Yes
70,No
70,No
71,No
71,No
71,No
71,No
71,No
71,No
71,No
71,No
71,No
71,No
71,No
71,No
71,No
71,No
71,No
71,No
71,No
71,No
71,No
71,No
71,No
71,No
71,No
71,No
71,No
71,No
72,No
72,No
72,No
72,No
72,No
72,No
72,No
72,No
72,No
72,No
72,No
72,No
72,No
72,No
72,No
72,No
72,No
72,No
72,No
72,No
72,No
72,No
72,No
72,No
72,No
72,No
73,No
73,No
73,No
73,No
73,No
73,No
73,No
73,No
73,No
73,No
73,No
73,No
73,No
73,No
73,No
73,No
73,No
73,No
73,No
73,No
73,No
73,No
73,No
73,No
73,No
74,No
74,No
74,No
74,No
74,No
74,No
74,No
74,No
74,No
74,No
74,No
74,No
74,No
74,No
74,No
74,No
74,No
74,No
74,No
74,No
74,No
74,No
74,No
74,No
74,No
74,No
75,No
75,No
75,No
75,No
75,No
75,Yes
75,No
75,No
75,No
75,No
75,No
75,No
75,No
75,No
75,No
75,No
75,No
75,No
75,No
75,No
75,No
75,No
75,No
75,No
76,Yes
76,Yes
76,Yes
76,Yes
76,No
76,Yes
76,Yes
76,Yes
76,No
76,Yes
76,Yes
76,Yes
76,Yes
76,Yes
76,Yes
76,Yes
76,Yes
76,Yes
76,Yes
76,Yes
76,Yes
76,Yes
76,Yes
76,No
76,No
76,Yes
77,No
77,No
77,No
77,No
77,No
77,No
77,No
77,No
77,No
77,No
77,No
77,No
77,No
77,No
77,No
77,No
77,No
77,No
77,No
77,No
77,No
77,No
77,No
77,No
77,No
78,No
78,No
78,No
78,No
78,No
78,No
78,No
78,No
78,No
78,No
78,No
78,No
78,No
78,No
78,No
78,No
78,No
78,No
78,No
78,No
78,No
78,No
78,No
78,No
78,No
78,No
79,No
79,No
79,No
79,No
79,No
79,No
79,No
79,No
79,No
79,No
79,No
79,No
79,No
79,No
79,No
79,No
79,No
79,No
79,No
79,No
79,No
79,No
79,No
79,No
79,No
79,No
80,No
80,Yes
80,Yes
80,Yes
80,Yes
80,Yes
80,Yes
80,Yes
80,Yes
80,Yes
80,Yes
80,Yes
80,Yes
80,Yes
80,Yes
80,No
80,Yes
80,Yes
80,Yes
80,Yes
80,Yes
80,Yes
80,Yes
80,Yes
81,No
81,No
81,No
81,No
81,No
81,No
81,No
81,No
81,No
81,No
81,No
81,No
81,No
81,No
81,No
81,No
81,No
81,No
81,No
81,No
81,No
81,No
81,No
81,No
81,No
82,No
82,No
82,No
82,No
82,No
82,No
82,No
82,No
82,No
82,No
82,No
82,No
82,No
82,No
82,No
82,No
82,No
82,No
82,No
82,No
82,No
82,No
82,No
82,No
82,No
82,No
83,No
83,No
83,No
83,No
83,No
83,No
83,No
83,No
83,No
83,No
83,No
83,No
83,No
83,No
83,No
83,No
83,No
83,No
83,No
83,No
83,No
83,No
83,No
83,No
83,No
83,No
84,No
84,No
84,No
84,No
84,No
84,No
84,No
84,No
84,No
84,No
84,No
84,No
84,No
84,No
84,No
84,No
84,No
84,No
84,No
84,No
84,No
84,No
85,No
85,No
85,No
85,No
85,No
85,No
85,No
85,No
85,No
85,No
85,No
85,No
85,No
85,No
85,No
85,No
85,No
85,No
85,No
85,No
85,No
85,No
85,No
85,No
85,No
85,No
86,No
86,No
86,No
86,No
86,No
86,No
86,No
86,No
86,No
86,No
86,No
86,No
86,No
86,No
86,No
86,No
86,No
86,No
86,No
86,No
86,No
86,No
86,No
86,No
86,No
86,No
87,Yes
87,Yes
87,Yes
87,Yes
87,No
87,Yes
87,Yes
87,Yes
87,Yes
87,Yes
87,Yes
87,No
87,Yes
87,No
87,No
87,Yes
87,Yes
87,Yes
87,Yes
87,Yes
87,Yes
87,No
87,Yes
87,Yes
87,Yes
87,Yes
88,Yes
88,Yes
88,Yes
88,No
88,No
88,Yes
88,Yes
88,Yes
88,Yes
88,Yes
88,Yes
88,Yes
88,No
88,Yes
88,Yes
88,Yes
88,Yes
88,Yes
88,Yes
88,Yes
88,Yes
88,Yes
88,Yes
88,Yes
88,Yes
88,No
89,Yes
89,No
89,No
89,No
89,No
89,No
89,No
89,No
89,No
89,No
89,No
89,No
89,No
89,No
89,No
89,No
89,No
89,No
89,No
89,No
89,No
89,No
89,No
89,No
89,No
89,No
90,No
90,No
90,No
90,No
90,No
90,No
90,No
90,No
90,No
90,No
90,No
90,No
90,No
90,No
90,No
90,No
90,No
90,No
90,No
90,No
90,No
90,No
90,No
91,No
91,No
91,No
91,No
91,No
91,No
91,No
91,No
91,No
91,No
91,No
91,No
91,No
91,No
91,No
91,No
91,No
91,No
91,No
91,No
91,No
91,No
91,No
91,No
91,No
91,No
92,No
92,No
92,No
92,No
92,No
92,No
92,No
92,No
92,No
92,No
92,No
92,No
92,No
92,No
92,No
92,No
92,No
92,No
92,No
92,Yes
92,Yes
92,No
92,Yes
92,Yes
92,No
92,No
93,No
93,No
93,No
93,No
93,No
93,No
93,Yes
93,No
93,No
93,Yes
93,Yes
93,No
93,No
93,No
93,No
93,No
93,No
93,No
93,No
93,No
93,No
93,No
93,No
93,No
93,No
93,No
94,No
94,No
94,No
94,No
94,No
94,No
94,No
94,No
94,No
94,No
94,No
94,No
94,No
94,No
94,No
94,No
94,No
94,No
94,No
94,No
94,No
94,No
94,No
94,No
94,No
94,No
95,No
95,No
95,No
95,No
95,No
95,No
95,No
95,No
95,No
95,No
95,No
95,No
95,No
95,No
95,No
95,No
95,No
95,No
95,No
95,No
95,No
95,No
95,No
95,No
95,No
96,No
96,No
96,No
96,No
96,No
96,No
96,No
96,No
96,No
96,No
96,No
96,No
96,No
96,No
96,No
96,No
96,No
96,No
96,No
96,No
96,No
96,No
96,No
96,No
96,No
97,No
97,No
97,No
97,No
97,No
97,No
97,No
97,No
97,No
97,No
97,No
97,No
97,No
97,No
97,No
97,No
97,No
97,No
97,No
97,No
97,No
97,No
97,No
97,No
97,No
97,No
98,No
98,No
98,No
98,No
98,No
98,No
98,No
98,No
98,No
98,No
98,No
98,No
98,No
98,No
98,No
98,No
98,No
98,No
98,No
98,No
98,No
98,No
98,No
98,No
98,No
99,Yes
99,Yes
99,Yes
99,No
99,Yes
99,No
99,Yes
99,Yes
99,Yes
99,Yes
99,No
99,Yes
99,Yes
99,No
99,Yes
99,No
99,No
99,No
99,No
99,No
99,No
99,Yes
99,No
99,Yes
99,Yes
99,No
100,No
100,No
100,No
100,No
100,No
100,No
100,No
100,No
100,No
100,No
100,No
100,No
100,No
100,No
100,No
100,No
100,No
100,No
100,No
100,No
100,No
100,No
100,No
100,No
100,No
101,No
101,No
101,No
101,No
101,No
101,No
101,No
101,No
101,No
101,No
101,No
101,No
101,No
101,No
101,No
101,No
101,No
101,No
101,No
101,No
101,No
101,No
101,No
101,No
101,No
101,No
102,No
102,No
102,No
102,No
102,No
102,No
102,No
102,No
102,No
102,No
102,No
102,No
102,No
102,No
102,No
102,No
102,No
102,No
102,No
102,No
102,No
102,No
102,No
102,No
102,No
102,No
103,No
103,No
103,No
103,No
103,No
103,No
103,No
103,No
103,No
103,No
103,No
103,No
103,No
103,No
103,No
103,No
103,No
103,No
103,No
103,No
103,No
103,No
103,No
103,No
103,No
103,No
104,No
104,No
104,No
104,No
104,No
104,No
104,No
104,Yes
104,No
104,No
104,No
104,No
104,No
104,No
104,No
104,No
104,No
104,No
104,No
104,No
104,No
104,No
104,No
104,No
104,No
105,Yes
105,Yes
105,Yes
105,No
105,No
105,No
105,No
105,No
105,No
105,No
105,No
105,Yes
105,No
105,No
105,No
105,No
105,No
105,No
105,No
105,No
105,No
105,No
105,No
105,No
105,No
105,No
106,No
106,No
106,No
106,No
106,No
106,No
106,No
106,No
106,No
106,No
106,No
106,No
106,No
106,No
106,No
106,No
106,No
106,No
106,No
106,No
106,No
106,No
106,No
106,No
106,No
106,No
107,Yes
107,Yes
107,Yes
107,Yes
107,Yes
107,Yes
107,Yes
107,Yes
107,Yes
107,Yes
107,Yes
107,Yes
107,Yes
107,Yes
107,Yes
107,Yes
107,Yes
107,Yes
107,Yes
107,Yes
107,Yes
107,Yes
107,Yes
107,Yes
107,Yes
107,Yes
108,No
108,No
108,No
108,No
108,No
108,No
108,No
108,No
108,No
108,No
108,No
108,No
108,No
108,No
108,No
108,No
108,No
108,No
108,No
108,No
108,No
108,No
108,No
108,No
108,No
109,No
109,No
109,No
109,No
109,No
109,No
109,No
109,No
109,No
109,No
109,No
109,No
109,No
109,No
109,No
109,No
109,No
109,No
109,No
109,No
109,No
109,No
109,No
109,No
109,No
109,No
110,No
110,No
110,No
110,No
110,No
110,No
110,No
110,No
110,No
110,No
110,No
110,No
110,No
110,No
110,No
110,No
110,No
110,No
110,No
110,No
110,No
110,No
110,No
110,No
110,No
111,No
111,Yes
111,Yes
111,Yes
111,Yes
111,Yes
111,Yes
111,No
111,Yes
111,Yes
111,Yes
111,No
111,Yes
111,Yes
111,No
111,Yes
111,Yes
111,Yes
111,Yes
111,Yes
111,Yes
111,Yes
111,Yes
111,Yes
111,Yes
111,Yes
112,No
112,No
112,No
112,No
112,No
112,No
112,No
112,No
112,No
112,No
112,No
112,No
112,No
112,No
112,No
112,No
112,No
112,No
112,No
112,No
112,No
112,No
112,No
112,No
112,No
112,No
113,No
113,No
113,No
113,No
113,No
113,No
113,No
113,No
113,No
113,No
113,No
113,No
113,No
113,No
113,No
113,No
113,No
113,No
113,No
113,No
113,No
113,No
113,No
113,No
113,No
114,No
114,No
114,No
114,No
114,No
114,No
114,No
114,No
114,No
114,No
114,No
114,No
114,No
114,No
114,No
114,No
114,No
114,No
114,No
114,No
114,No
114,No
114,No
114,No
114,No
114,No
115,No
115,No
115,No
115,Yes
115,Yes
115,Yes
115,No
115,Yes
115,No
115,Yes
115,No
115,No
115,Yes
115,Yes
115,Yes
115,No
115,No
115,No
115,Yes
115,No
115,Yes
115,Yes
115,No
115,No
115,Yes
116,No
116,No
116,No
116,No
116,No
116,No
116,No
116,No
116,No
116,No
116,No
116,No
116,No
116,No
116,No
116,No
116,No
116,No
116,Yes
116,No
116,No
116,No
116,No
116,No
117,No
117,No
117,No
117,No
117,No
117,No
117,No
117,No
117,No
117,No
117,No
117,No
117,No
117,No
117,No
117,No
117,No
117,No
117,No
117,No
117,No
117,Yes
117,No
117,No
117,No
117,No
118,No
118,No
118,No
118,No
118,No
118,No
118,No
118,No
118,No
118,No
118,No
118,No
118,No
118,No
118,No
118,No
118,No
118,No
118,No
118,No
118,No
118,No
118,No
118,No
118,No
118,No
119,No
119,No
119,No
119,No
119,No
119,No
119,No
119,No
119,No
119,No
119,No
119,No
119,No
119,No
119,No
119,No
119,No
119,No
119,No
119,No
119,No
119,No
119,No
119,No
119,No
119,No
120,No
120,No
120,No
120,No
120,No
120,No
120,No
120,No
120,No
120,No
120,No
120,No
120,No
120,No
120,No
120,No
120,No
120,No
120,No
120,Yes
120,No
120,No
120,No
120,Yes
120,No
121,Yes
121,Yes
121,No
121,No
121,No
121,No
121,Yes
121,Yes
121,Yes
121,Yes
121,Yes
121,No
121,No
121,Yes
121,Yes
121,No
121,Yes
121,No
121,No
121,No
121,No
121,Yes
121,Yes
121,Yes
121,Yes
122,No
122,No
122,No
122,Yes
122,No
122,Yes
122,No
122,No
122,No
122,No
122,No
122,No
122,No
122,No
122,No
122,No
122,No
122,No
122,No
122,No
122,No
122,No
122,No
122,No
122,No
122,No
123,No
123,No
123,No
123,No
123,No
123,No
123,No
123,No
123,No
123,No
123,No
123,No
123,No
123,No
123,No
123,No
123,No
123,No
123,No
123,No
123,No
123,No
123,No
123,No
123,No
123,No
124,No
124,No
124,No
124,No
124,No
124,No
124,No
124,No
124,No
124,No
124,No
124,No
124,No
124,No
124,No
124,No
124,No
124,No
124,No
124,No
124,No
124,No
124,No
124,No
124,No
124,No
125,No
125,No
125,No
125,No
125,No
125,No
125,No
125,No
125,No
125,No
125,No
125,No
125,No
125,No
125,No
125,No
125,No
125,No
125,No
125,No
125,No
125,No
125,No
125,No
125,No
125,No
126,No
126,No
126,No
126,No
126,No
126,No
126,No
126,No
126,No
126,No
126,No
126,No
126,No
126,No
126,No
126,No
126,No
126,No
126,No
126,No
126,No
126,No
126,No
126,No
126,No
126,No
127,No
127,No
127,No
127,No
127,No
127,No
127,No
127,No
127,No
127,No
127,No
127,No
127,No
127,No
127,No
127,No
127,No
127,No
127,No
127,No
127,No
127,No
127,No
127,No
127,No
127,No
128,Yes
128,Yes
128,Yes
128,Yes
128,No
128,Yes
128,No
128,No
128,Yes
128,No
128,Yes
128,Yes
128,Yes
128,Yes
128,No
128,Yes
128,Yes
128,Yes
128,No
128,No
128,No
128,Yes
128,No
128,Yes
128,No
128,Yes
129,No
129,No
129,No
129,No
129,No
129,No
129,No
129,No
129,No
129,No
129,No
129,No
129,No
129,No
129,No
129,No
129,No
129,No
129,No
129,No
129,No
129,No
129,No
129,No
129,No
130,No
130,No
130,No
130,No
130,No
130,No
130,No
130,No
130,No
130,No
130,No
130,No
130,No
130,No
130,No
130,No
130,No
130,No
130,No
130,No
130,No
130,No
130,No
130,No
130,No
131,Yes
131,Yes
131,Yes
131,Yes
131,Yes
131,No
131,Yes
131,No
131,Yes
131,Yes
131,Yes
131,Yes
131,No
131,Yes
131,Yes
131,Yes
131,Yes
131,Yes
131,Yes
131,Yes
131,Yes
131,No
131,Yes
131,Yes
131,No
131,Yes
132,No
132,No
132,No
132,No
132,No
132,No
132,No
132,No
132,No
132,No
132,No
132,No
132,No
132,No
132,No
132,No
132,Yes
132,No
132,No
132,No
132,No
132,No
132,No
132,No
132,No
132,No
133,No
133,No
133,No
133,No
133,No
133,No
133,No
133,No
133,No
133,No
133,No
133,No
133,No
133,No
133,No
133,No
133,No
133,No
133,No
133,No
133,No
133,No
133,No
133,No
133,No
134,No
134,No
134,Yes
134,No
134,Yes
134,No
134,No
134,No
134,Yes
134,Yes
134,Yes
134,Yes
134,Yes
134,No
134,Yes
134,Yes
134,Yes
134,Yes
134,No
134,No
134,Yes
134,Yes
134,Yes
134,Yes
134,No
134,Yes
135,No
135,No
135,No
135,No
135,No
135,No
135,No
135,No
135,No
135,No
135,No
135,No
135,No
135,No
135,No
135,No
135,No
135,No
135,No
135,No
135,No
135,No
135,No
135,No
135,No
135,No
136,No
136,No
136,No
136,No
136,No
136,No
136,No
136,No
136,No
136,No
136,No
136,No
136,No
136,No
136,No
136,No
136,No
136,No
136,No
136,No
136,No
136,No
136,No
136,No
136,No
136,No
137,No
137,No
137,No
137,No
137,No
137,No
137,No
137,No
137,No
137,No
137,No
137,No
137,No
137,No
137,No
137,No
137,No
137,No
137,No
137,No
137,No
137,No
137,No
137,No
137,No
137,No
138,No
138,No
138,No
138,No
138,No
138,No
138,No
138,No
138,No
138,No
138,No
138,No
138,No
138,No
138,No
138,No
138,No
138,No
138,No
138,No
138,No
138,No
138,No
138,No
138,No
138,No
139,No
139,No
139,No
139,No
139,No
139,No
139,No
139,No
139,No
139,No
139,No
139,No
139,No
139,No
139,No
139,No
139,No
139,No
139,No
139,No
139,No
139,No
139,No
139,No
139,No
139,No
140,No
140,No
140,No
140,No
140,No
140,No
140,No
140,No
140,No
140,No
140,No
140,No
140,No
140,No
140,No
140,No
140,No
140,No
140,No
140,No
140,No
140,No
140,No
140,No
140,No
140,No
141,No
141,No
141,No
141,No
141,No
141,No
141,No
141,No
141,No
141,No
141,No
141,No
141,No
141,No
141,No
141,No
141,No
141,No
141,No
141,No
141,No
141,No
141,No
141,No
141,No
141,No
142,No
142,No
142,No
142,No
142,No
142,No
142,No
142,No
142,No
142,No
142,No
142,No
142,No
142,No
142,No
142,No
142,No
142,No
142,No
142,No
142,No
142,No
142,No
142,No
142,No
142,No
143,No
143,No
143,No
143,No
143,No
143,No
143,No
143,No
143,No
143,No
143,No
143,No
143,No
143,No
143,No
143,No
143,No
143,No
143,No
143,No
143,No
143,No
143,No
143,No
143,No
143,No
144,No
144,No
144,No
144,No
144,No
144,No
144,No
144,No
144,No
144,No
144,No
144,No
144,No
144,No
144,No
144,No
144,No
144,No
144,No
144,No
144,No
144,No
144,No
144,No
144,No
145,No
145,Yes
145,No
145,No
145,No
145,No
145,No
145,No
145,No
145,No
145,No
145,No
145,No
145,No
145,No
145,No
145,No
145,No
145,Yes
145,No
145,No
145,No
145,No
145,No
145,No
146,No
146,No
146,No
146,No
146,No
146,No
146,No
146,No
146,No
146,Yes
146,Yes
146,No
146,Yes
146,Yes
146,Yes
146,No
146,Yes
146,No
146,Yes
146,No
146,Yes
146,No
146,Yes
146,No
146,No
146,No
147,Yes
147,No
147,No
147,No
147,No
147,No
147,No
147,No
147,No
147,No
147,Yes
147,Yes
147,No
147,No
147,No
147,No
147,No
147,No
147,No
147,No
147,No
147,No
147,No
147,Yes
147,No
147,No
148,No
148,No
148,No
148,No
148,No
148,No
148,No
148,No
148,No
148,No
148,No
148,No
148,No
148,No
148,No
148,No
148,No
148,No
148,No
148,No
148,No
148,No
148,No
148,No
148,No
148,No
149,No
149,No
149,No
149,No
149,No
149,No
149,No
149,No
149,No
149,No
149,No
149,No
149,No
149,No
149,No
149,No
149,No
149,No
149,No
149,No
149,No
149,No
149,No
149,No
149,No
149,No
150,No
150,No
150,No
150,No
150,No
150,No
150,No
150,No
150,No
150,No
150,No
150,No
150,No
150,No
150,No
150,No
150,No
150,No
150,No
150,No
150,No
150,No
150,No
150,No
150,No
150,No
151,No
151,No
151,No
151,No
151,No
151,No
151,No
151,No
151,No
151,No
151,No
151,No
151,No
151,No
151,No
151,No
151,Yes
151,Yes
151,No
151,Yes
151,No
151,No
151,No
151,No
151,No
152,No
152,No
152,No
152,No
152,No
152,No
152,No
152,Yes
152,No
152,No
152,No
152,No
152,No
152,No
152,No
152,No
152,Yes
152,No
152,No
152,No
152,No
152,No
152,No
152,No
152,No
152,No
153,No
153,No
153,No
153,No
153,No
153,No
153,No
153,No
153,No
153,No
153,No
153,No
153,No
153,No
153,No
153,No
153,No
153,No
153,No
153,No
153,No
153,No
153,No
153,No
153,No
153,No
154,No
154,No
154,No
154,No
154,No
154,No
154,No
154,No
154,No
154,No
154,No
154,No
154,No
154,No
154,No
154,No
154,No
154,No
154,No
154,No
154,No
154,No
154,No
154,No
155,No
155,No
155,No
155,No
155,No
155,No
155,No
155,No
155,No
155,No
155,Yes
155,No
155,No
155,No
155,No
155,No
155,No
155,No
155,No
155,No
155,No
155,No
155,No
155,No
155,No
155,No
156,No
156,No
156,No
156,No
156,Yes
156,No
156,No
156,No
156,Yes
156,Yes
156,No
156,No
156,No
156,No
156,No
156,No
156,No
156,No
156,No
156,No
156,No
156,No
156,No
156,No
156,No
156,No
157,No
157,No
157,No
157,No
157,No
157,No
157,No
157,No
157,No
157,No
157,No
157,No
157,No
157,No
157,No
157,No
157,No
157,No
157,No
157,No
157,No
157,No
157,No
157,No
157,No
158,No
158,No
158,No
158,No
158,No
158,No
158,No
158,No
158,No
158,No
158,No
158,No
158,No
158,No
158,No
158,No
158,No
158,No
158,No
158,No
158,No
158,No
158,No
158,No
158,No
158,No
159,No
159,No
159,No
159,No
159,No
159,No
159,No
159,No
159,No
159,No
159,No
159,No
159,No
159,No
159,No
159,No
159,No
159,No
159,No
159,No
159,No
159,No
159,No
159,No
159,No
159,Yes
160,No
160,No
160,No
160,No
160,No
160,No
160,No
160,No
160,No
160,No
160,No
160,No
160,No
160,No
160,No
160,No
160,No
160,No
160,No
160,No
160,No
160,No
160,No
160,No
160,No
161,No
161,No
161,No
161,No
161,No
161,No
161,No
161,No
161,No
161,No
161,No
161,No
161,No
161,No
161,No
161,No
161,No
161,No
161,No
161,No
161,No
161,No
161,No
161,No
161,No
161,No
162,No
162,No
162,No
162,No
162,No
162,No
162,No
162,No
162,No
162,No
162,No
162,No
162,No
162,No
162,No
162,No
162,No
162,No
162,No
162,No
162,No
162,No
162,Yes
162,No
163,No
163,No
163,No
163,No
163,No
163,No
163,No
163,No
163,No
163,No
163,No
163,No
163,No
163,No
163,No
163,No
163,No
163,No
163,No
163,No
163,No
163,No
163,No
163,No
163,No
163,No
164,No
164,No
164,No
164,No
164,No
164,No
164,No
164,No
164,No
164,No
164,No
164,No
164,No
164,No
164,No
164,No
164,No
164,No
164,No
164,No
164,No
164,No
164,No
164,No
164,No
164,No
165,No
165,Yes
165,No
165,No
165,No
165,No
165,No
165,No
165,No
165,No
165,No
165,No
165,No
165,No
165,No
165,No
165,No
165,No
165,No
165,No
165,No
165,No
165,No
165,No
165,Yes
165,No
166,Yes
166,Yes
166,Yes
166,Yes
166,Yes
166,Yes
166,Yes
166,Yes
166,Yes
166,Yes
166,Yes
166,Yes
166,Yes
166,No
166,Yes
166,Yes
166,Yes
166,Yes
166,Yes
166,No
166,No
166,No
166,No
166,No
166,No
167,Yes
167,Yes
167,No
167,No
167,Yes
167,No
167,No
167,No
167,No
167,Yes
167,Yes
167,No
167,No
167,No
167,No
167,No
167,No
167,No
167,No
167,No
167,No
167,No
167,No
167,No
167,No
168,Yes
168,Yes
168,Yes
168,No
168,No
168,Yes
168,Yes
168,No
168,Yes
168,Yes
168,Yes
168,Yes
168,Yes
168,Yes
168,Yes
168,Yes
168,Yes
168,Yes
168,Yes
168,No
168,Yes
168,Yes
168,Yes
168,Yes
168,Yes
168,Yes
169,No
169,No
169,No
169,No
169,No
169,No
169,No
169,No
169,No
169,No
169,No
169,No
169,No
169,No
169,No
169,No
169,No
169,No
169,No
169,No
169,No
169,No
169,No
169,No
169,No
169,No
170,No
170,No
170,No
170,No
170,No
170,No
170,No
170,No
170,No
170,No
170,No
170,No
170,No
170,No
170,No
170,No
170,No
170,No
170,No
170,No
170,No
170,No
170,No
170,No
170,No
170,No
171,Yes
171,No
171,No
171,No
171,No
171,No
171,No
171,No
171,No
171,No
171,No
171,Yes
171,No
171,No
171,No
171,No
171,No
171,No
171,No
171,No
171,No
171,No
171,Yes
171,No
171,No
171,No
172,No
172,No
172,No
172,No
172,No
172,No
172,No
172,No
172,No
172,No
172,No
172,No
172,No
172,No
172,No
172,No
172,No
172,No
172,No
172,No
172,No
172,No
172,No
172,No
172,No
173,No
173,Yes
173,No
173,Yes
173,Yes
173,No
173,Yes
173,Yes
173,No
173,No
173,Yes
173,No
173,Yes
173,Yes
173,Yes
173,No
173,Yes
173,Yes
173,Yes
173,Yes
173,Yes
173,Yes
173,Yes
173,Yes
173,Yes
174,No
174,No
174,No
174,No
174,No
174,No
174,No
174,No
174,No
174,No
174,No
174,No
174,No
174,No
174,No
174,No
174,No
174,No
174,No
174,No
174,No
174,No
174,No
174,No
174,No
174,No
175,Yes
175,No
175,No
175,No
175,No
175,No
175,No
175,Yes
175,Yes
175,No
175,No
175,No
175,No
175,No
175,No
175,No
175,No
175,Yes
175,No
175,No
175,No
175,No
175,No
175,No
175,No
176,No
176,No
176,No
176,No
176,No
176,No
176,No
176,No
176,No
176,No
176,No
176,No
176,No
176,No
176,No
176,No
176,No
176,No
176,No
176,No
176,No
176,No
176,No
176,No
176,No
177,No
177,No
177,No
177,No
177,No
177,No
177,Yes
177,No
177,No
177,No
177,No
177,No
177,No
177,No
177,No
177,No
177,No
177,No
177,No
177,No
177,No
177,No
177,No
177,No
177,No
177,No
178,No
178,No
178,No
178,No
178,No
178,No
178,No
178,No
178,No
178,No
178,No
178,No
178,No
178,No
178,No
178,No
178,No
178,No
178,No
178,No
178,No
178,No
178,No
178,No
178,No
178,No
179,No
179,No
179,No
179,No
179,No
179,No
179,No
179,No
179,No
179,No
179,No
179,No
179,No
179,No
179,No
179,No
179,No
179,No
179,No
179,No
179,No
179,No
179,No
179,No
179,No
179,No
180,No
180,No
180,No
180,No
180,No
180,No
180,No
180,No
180,No
180,No
180,No
180,No
180,No
180,No
180,No
180,No
180,No
180,No
180,No
180,No
180,No
180,No
180,No
180,No
180,No
180,No
181,No
181,No
181,No
181,No
181,No
181,No
181,No
181,No
181,No
181,No
181,No
181,No
181,No
181,No
181,No
181,No
181,No
181,No
181,No
181,No
181,No
181,No
181,No
181,No
181,No
181,No
182,No
182,No
182,No
182,No
182,No
182,No
182,No
182,No
182,No
182,No
182,No
182,No
182,No
182,No
182,No
182,No
182,No
182,No
182,No
182,No
182,No
182,No
182,No
182,No
182,No
182,No
183,No
183,No
183,No
183,No
183,No
183,Yes
183,No
183,No
183,No
183,No
183,No
183,No
183,Yes
183,No
183,No
183,No
183,No
183,No
183,No
183,No
183,No
183,No
183,No
183,No
183,No
183,No
184,No
184,No
184,No
184,No
184,No
184,No
184,No
184,No
184,No
184,No
184,No
184,No
184,No
184,No
184,No
184,No
184,No
184,No
184,No
184,No
184,No
184,No
184,No
184,No
184,No
185,No
185,No
185,No
185,No
185,No
185,No
185,No
185,No
185,No
185,No
185,No
185,No
185,No
185,No
185,No
185,No
185,No
185,No
185,No
185,No
185,No
185,No
185,No
185,No
185,No
185,No
186,No
186,No
186,No
186,No
186,No
186,No
186,No
186,No
186,No
186,No
186,No
186,No
186,No
186,No
186,No
186,No
186,No
186,No
186,No
186,No
186,No
186,No
186,No
186,No
186,No
186,No
187,No
187,No
187,No
187,No
187,No
187,No
187,No
187,No
187,No
187,No
187,No
187,No
187,No
187,No
187,No
187,No
187,No
187,No
187,No
187,No
187,No
187,No
187,No
187,No
187,No
187,No
188,No
188,No
188,No
188,No
188,No
188,No
188,No
188,No
188,No
188,No
188,No
188,No
188,No
188,No
188,No
188,No
188,No
188,No
188,No
188,No
188,No
188,No
188,No
188,No
188,No
188,No
189,No
189,No
189,Yes
189,Yes
189,No
189,Yes
189,Yes
189,No
189,No
189,No
189,No
189,No
189,No
189,No
189,No
189,No
189,No
189,No
189,No
189,Yes
189,Yes
189,Yes
189,No
189,Yes
189,No
190,No
190,No
190,No
190,Yes
190,No
190,No
190,Yes
190,No
190,Yes
190,No
190,Yes
190,Yes
190,No
190,No
190,No
190,No
190,No
190,No
190,Yes
190,No
190,No
190,No
190,No
190,No
190,No
191,No
191,No
191,No
191,No
191,No
191,No
191,No
191,No
191,No
191,No
191,No
191,No
191,No
191,No
191,No
191,No
191,No
191,No
191,No
191,No
191,No
191,No
191,No
191,No
191,No
191,No
192,No
192,No
192,No
192,No
192,No
192,No
192,No
192,No
192,No
192,No
192,No
192,No
192,No
192,No
192,No
192,No
192,No
192,No
192,No
192,No
192,No
192,No
192,No
192,No
192,No
192,No
193,Yes
193,No
193,No
193,Yes
193,Yes
193,Yes
193,Yes
193,Yes
193,Yes
193,Yes
193,Yes
193,Yes
193,No
193,Yes
193,Yes
193,Yes
193,Yes
193,No
193,Yes
193,Yes
193,Yes
193,Yes
193,Yes
193,Yes
193,Yes
194,No
194,No
194,No
194,No
194,No
194,No
194,No
194,No
194,No
194,No
194,No
194,No
194,No
194,No
194,No
194,No
194,No
194,No
194,No
194,No
194,No
194,No
194,No
194,No
194,No
194,No
195,No
195,Yes
195,Yes
195,Yes
195,Yes
195,Yes
195,Yes
195,No
195,Yes
195,Yes
195,Yes
195,Yes
195,Yes
195,Yes
195,No
195,No
195,No
195,Yes
195,Yes
195,Yes
195,Yes
195,No
195,Yes
196,Yes
196,Yes
196,Yes
196,No
196,Yes
196,Yes
196,Yes
196,Yes
196,No
196,Yes
196,Yes
196,Yes
196,Yes
196,Yes
196,Yes
196,Yes
196,Yes
196,Yes
196,Yes
196,Yes
196,Yes
196,Yes
196,Yes
196,Yes
196,Yes
196,Yes
197,No
197,No
197,No
197,No
197,No
197,No
197,No
197,No
197,No
197,No
197,No
197,No
197,No
197,No
197,No
197,No
197,No
197,No
197,No
197,No
197,No
197,Yes
197,No
197,No
197,No
197,No
198,No
198,No
198,No
198,No
198,No
198,No
198,No
198,No
198,No
198,No
198,No
198,No
198,No
198,No
198,No
198,No
198,No
198,No
198,No
198,No
198,No
198,No
198,No
198,No
198,No
199,No
199,No
199,No
199,No
199,No
199,No
199,No
199,No
199,No
199,No
199,No
199,No
199,No
199,No
199,No
199,No
199,No
199,No
199,No
199,No
199,No
199,No
199,No
199,No
199,No
200,No
200,No
200,No
200,No
200,No
200,No
200,No
200,No
200,No
200,No
200,No
200,No
200,No
200,No
200,No
200,No
200,No
200,No
200,No
200,No
200,No
200,No
200,No
200,No
200,No
200,No
201,No
201,No
201,No
201,No
201,No
201,No
201,No
201,No
201,No
201,No
201,No
201,No
201,No
201,No
201,No
201,No
201,No
201,No
201,No
201,No
201,No
201,No
201,No
201,No
201,No
201,No
202,No
202,No
202,No
202,No
202,No
202,No
202,No
202,No
202,No
202,No
202,No
202,No
202,No
202,No
202,No
202,No
202,No
202,No
202,No
202,No
202,No
202,No
202,No
202,No
202,No
203,No
203,No
203,No
203,No
203,No
203,No
203,No
203,No
203,No
203,No
203,No
203,No
203,No
203,No
203,No
203,No
203,No
203,No
203,No
203,No
203,No
203,No
203,No
203,No
203,No
203,No
204,No
204,Yes
204,No
204,No
204,No
204,No
204,No
204,No
204,No
204,No
204,No
204,No
204,No
204,No
204,No
204,No
204,No
204,No
204,No
204,No
204,No
204,No
204,No
204,No
204,No
204,No
205,No
205,No
205,No
205,No
205,No
205,No
205,No
205,No
205,No
205,No
205,No
205,No
205,No
205,No
205,No
205,No
205,No
205,No
205,No
205,No
205,No
205,No
205,No
205,No
205,No
206,No
206,No
206,No
206,No
206,Yes
206,No
206,No
206,No
206,Yes
206,No
206,No
206,No
206,No
206,No
206,No
206,Yes
206,Yes
206,Yes
206,Yes
206,No
206,Yes
206,Yes
206,Yes
206,Yes
206,Yes
207,No
207,No
207,No
207,No
207,No
207,No
207,No
207,No
207,No
207,No
207,No
207,No
207,No
207,No
207,No
207,No
207,No
207,No
207,No
207,No
207,No
207,No
207,No
207,No
207,No
207,No
208,No
208,No
208,No
208,No
208,No
208,No
208,No
208,No
208,No
208,No
208,No
208,No
208,No
208,No
208,No
208,No
208,No
208,No
208,No
208,No
208,No
208,No
208,No
208,No
208,No
209,No
209,No
209,No
209,No
209,No
209,No
209,No
209,No
209,No
209,No
209,No
209,No
209,No
209,No
209,No
209,No
209,No
209,No
209,No
209,No
209,No
209,No
209,No
209,No
210,No
210,No
210,No
210,No
210,No
210,No
210,No
210,No
210,No
210,No
210,No
210,No
210,No
210,No
210,No
210,No
210,No
210,No
210,No
210,No
210,No
210,No
210,No
210,No
210,No
210,No
211,No
211,No
211,No
211,No
211,No
211,No
211,No
211,No
211,No
211,No
211,No
211,No
211,No
211,No
211,No
211,No
211,No
211,No
211,No
211,No
211,No
211,No
211,No
211,No
211,No
211,No
212,No
212,No
212,No
212,No
212,No
212,No
212,No
212,No
212,No
212,No
212,No
212,No
212,No
212,No
212,No
212,No
212,No
212,No
212,No
212,No
212,No
212,No
212,No
212,No
212,No
213,Yes
213,Yes
213,No
213,Yes
213,Yes
213,Yes
213,Yes
213,No
213,No
213,Yes
213,Yes
213,Yes
213,Yes
213,No
213,Yes
213,No
213,No
213,No
213,No
213,No
213,No
213,No
213,No
213,No
213,No
214,No
214,No
214,No
214,No
214,No
214,No
214,Yes
214,No
214,Yes
214,No
214,Yes
214,Yes
214,Yes
214,Yes
214,No
214,No
214,Yes
214,Yes
214,Yes
214,No
214,No
214,Yes
214,No
214,No
215,No
215,No
215,No
215,No
215,No
215,No
215,No
215,No
215,No
215,No
215,No
215,No
215,No
215,No
215,No
215,No
215,No
215,No
215,No
215,No
215,No
215,No
215,No
215,No
215,No
215,No
216,No
216,No
216,No
216,No
216,No
216,No
216,No
216,No
216,No
216,No
216,No
216,No
216,No
216,No
216,No
216,No
216,No
216,No
216,No
216,No
216,No
216,No
216,No
216,No
217,No
217,No
217,No
217,No
217,No
217,No
217,No
217,No
217,No
217,No
217,No
217,No
217,No
217,No
217,No
217,No
217,No
217,No
217,No
217,No
217,No
217,No
217,No
217,No
217,No
218,No
218,Yes
218,No
218,No
218,No
218,No
218,No
218,No
218,No
218,No
218,No
218,No
218,No
218,No
218,No
218,No
218,No
218,No
218,No
218,No
218,No
218,No
218,No
218,No
218,No
218,No
219,No
219,No
219,No
219,No
219,No
219,No
219,No
219,No
219,No
219,No
219,No
219,No
219,No
219,No
219,No
219,No
219,No
219,No
219,No
219,No
219,No
219,No
219,No
219,No
219,No
220,No
220,No
220,No
220,No
220,No
220,No
220,No
220,No
220,No
220,No
220,No
220,No
220,No
220,No
220,No
220,No
220,No
220,No
220,No
220,No
220,No
220,No
220,No
220,No
220,No
221,No
221,No
221,No
221,No
221,No
221,No
221,No
221,No
221,No
221,No
221,No
221,No
221,No
221,No
221,No
221,No
221,No
221,No
221,No
221,No
221,No
221,No
221,No
221,No
221,No
221,No
222,No
222,No
222,No
222,No
222,No
222,No
222,No
222,No
222,No
222,No
222,No
222,No
222,No
222,No
222,No
222,No
222,No
222,No
222,No
222,No
222,No
222,No
222,No
222,No
222,No
223,Yes
223,No
223,Yes
223,Yes
223,No
223,No
223,No
223,Yes
223,Yes
223,No
223,Yes
223,Yes
223,Yes
223,No
223,Yes
223,Yes
223,No
223,Yes
223,Yes
223,No
223,Yes
223,No
223,Yes
224,No
224,No
224,No
224,No
224,No
224,No
224,No
224,No
224,No
224,No
224,No
224,No
224,No
224,No
224,No
224,No
224,No
224,No
224,No
224,No
224,No
224,No
224,No
224,No
224,No
224,No
225,No
225,No
225,No
225,No
225,No
225,No
225,No
225,No
225,No
225,No
225,No
225,No
225,No
225,No
225,No
225,No
225,No
225,No
225,No
225,No
225,No
225,No
225,No
225,No
225,No
225,No
226,No
226,No
226,No
226,No
226,No
226,No
226,No
226,No
226,No
226,No
226,No
226,No
226,No
226,No
226,No
226,No
226,No
226,No
226,No
226,No
226,No
226,No
226,No
226,No
226,No
226,No
227,No
227,No
227,No
227,No
227,No
227,No
227,No
227,No
227,Yes
227,Yes
227,No
227,No
227,No
227,No
227,Yes
227,No
227,No
227,Yes
227,Yes
227,No
227,No
227,Yes
227,Yes
227,No
227,No
227,No
228,No
228,No
228,No
228,No
228,No
228,No
228,No
228,No
228,No
228,No
228,No
228,No
228,No
228,No
228,No
228,No
228,No
228,No
228,No
228,No
228,No
228,No
228,No
228,No
228,No
228,No
229,No
229,No
229,No
229,No
229,No
229,No
229,No
229,No
229,No
229,No
229,No
229,No
229,No
229,No
229,No
229,No
229,No
229,No
229,No
229,No
229,No
229,No
229,No
229,No
229,No
229,No
230,No
230,No
230,No
230,No
230,No
230,No
230,No
230,No
230,No
230,No
230,No
230,No
230,No
230,No
230,No
230,No
230,No
230,No
230,No
230,No
230,No
230,No
230,No
230,No
230,No
231,Yes
231,No
231,No
231,No
231,No
231,Yes
231,No
231,No
231,No
231,No
231,No
231,Yes
231,Yes
231,Yes
231,Yes
231,No
231,No
231,No
231,Yes
231,Yes
231,Yes
231,Yes
231,Yes
231,Yes
231,Yes
231,Yes
232,No
232,No
232,No
232,No
232,No
232,No
232,No
232,No
232,No
232,No
232,No
232,No
232,No
232,No
232,No
232,No
232,No
232,No
232,No
232,No
232,No
232,No
232,No
232,No
232,No
233,No
233,No
233,No
233,No
233,No
233,No
233,No
233,No
233,No
233,No
233,No
233,No
233,No
233,No
233,No
233,No
233,No
233,No
233,No
233,No
233,No
233,No
233,No
233,No
233,No
233,No
234,No
234,No
234,No
234,No
234,No
234,No
234,No
234,No
234,No
234,No
234,No
234,No
234,No
234,No
234,No
234,No
234,No
234,No
234,No
234,No
234,No
234,No
234,No
234,No
234,No
234,No
235,Yes
235,Yes
235,Yes
235,Yes
235,Yes
235,Yes
235,Yes
235,Yes
235,Yes
235,Yes
235,Yes
235,Yes
235,Yes
235,Yes
235,Yes
235,Yes
235,Yes
235,Yes
235,Yes
235,No
235,Yes
235,Yes
235,Yes
235,Yes
236,No
236,No
236,No
236,No
236,No
236,Yes
236,No
236,No
236,No
236,No
236,No
236,No
236,No
236,No
236,No
236,No
236,No
236,No
236,No
236,No
236,No
236,No
236,No
236,No
236,No
237,No
237,No
237,No
237,No
237,No
237,No
237,No
237,No
237,No
237,No
237,No
237,No
237,No
237,No
237,No
237,No
237,No
237,No
237,No
237,No
237,No
237,No
237,No
237,No
237,No
238,No
238,No
238,No
238,No
238,No
238,No
238,No
238,No
238,No
238,No
238,No
238,No
238,No
238,No
238,No
238,No
238,No
238,No
238,No
238,No
238,No
238,No
238,No
238,No
238,No
238,No
239,No
239,No
239,No
239,No
239,No
239,No
239,No
239,No
239,No
239,No
239,No
239,No
239,No
239,No
239,No
239,No
239,No
239,No
239,No
239,No
239,No
239,No
239,No
239,No
239,No
239,No
240,No
240,No
240,No
240,No
240,No
240,No
240,No
240,No
240,No
240,No
240,No
240,No
240,No
240,No
240,No
240,No
240,No
240,No
240,No
240,No
240,No
240,No
240,No
240,No
240,No
241,Yes
241,Yes
241,No
241,Yes
241,No
241,No
241,No
241,No
241,Yes
241,No
241,No
241,No
241,No
241,Yes
241,No
241,No
241,No
241,No
241,No
241,No
241,No
241,No
241,No
241,Yes
241,No
241,No
242,No
242,No
242,No
242,No
242,No
242,No
242,No
242,No
242,No
242,No
242,No
242,No
242,No
242,No
242,No
242,No
242,No
242,No
242,No
242,No
242,No
242,No
242,No
242,No
242,No
242,No
243,No
243,No
243,No
243,No
243,No
243,No
243,No
243,No
243,No
243,No
243,No
243,No
243,No
243,No
243,No
243,No
243,No
243,No
243,No
243,No
243,No
243,No
243,No
243,No
244,Yes
244,Yes
244,Yes
244,Yes
244,Yes
244,No
244,Yes
244,Yes
244,Yes
244,Yes
244,Yes
244,Yes
244,Yes
244,Yes
244,No
244,Yes
244,Yes
244,Yes
244,Yes
244,Yes
244,Yes
244,No
244,Yes
244,Yes
244,Yes
245,No
245,No
245,No
245,No
245,No
245,No
245,No
245,No
245,No
245,No
245,No
245,No
245,No
245,No
245,No
245,No
245,No
245,No
245,No
245,No
245,No
245,No
245,No
245,No
245,No
245,No
246,No
246,No
246,No
246,No
246,No
246,No
246,No
246,No
246,No
246,No
246,No
246,No
246,No
246,No
246,No
246,No
246,No
246,No
246,No
246,No
246,No
246,No
246,No
246,No
246,No
246,No
247,No
247,No
247,No
247,No
247,No
247,No
247,No
247,No
247,No
247,No
247,No
247,No
247,No
247,No
247,No
247,No
247,No
247,No
247,No
247,No
247,No
247,No
247,No
247,No
247,No
247,No
248,No
248,No
248,No
248,No
248,No
248,No
248,No
248,No
248,No
248,No
248,No
248,No
248,No
248,No
248,No
248,No
248,No
248,No
248,No
248,No
248,No
248,No
248,No
248,No
248,No
249,No
249,No
249,No
249,No
249,No
249,No
249,No
249,No
249,No
249,No
249,No
249,No
249,No
249,No
249,No
249,No
249,No
249,No
249,No
249,No
249,No
249,No
249,No
249,No
249,No
250,No
250,No
250,No
250,No
250,No
250,No
250,No
250,No
250,No
250,No
250,No
250,No
250,No
250,No
250,No
250,No
250,No
250,No
250,No
250,No
250,No
250,No
250,No
250,No
250,No
250,No
251,No
251,No
251,No
251,No
251,No
251,No
251,No
251,No
251,No
251,No
251,No
251,No
251,No
251,No
251,No
251,No
251,No
251,No
251,No
251,No
251,No
251,No
251,No
251,No
251,No
251,No
252,No
252,No
252,No
252,No
252,No
252,No
252,No
252,No
252,No
252,No
252,No
252,Yes
252,Yes
252,Yes
252,No
252,No
252,No
252,No
252,No
252,No
252,No
252,No
252,No
252,No
253,No
253,No
253,No
253,No
253,No
253,Yes
253,No
253,Yes
253,No
253,Yes
253,No
253,No
253,No
253,Yes
253,No
253,No
253,No
253,No
253,No
253,No
253,Yes
253,No
253,No
253,Yes
253,No
253,No
254,No
254,No
254,Yes
254,No
254,No
254,Yes
254,Yes
254,No
254,No
254,No
254,Yes
254,Yes
254,Yes
254,No
254,No
254,No
254,No
254,No
254,No
254,No
254,No
254,No
254,No
254,No
254,No
255,No
255,No
255,No
255,No
255,No
255,No
255,No
255,No
255,No
255,No
255,No
255,No
255,No
255,No
255,No
255,No
255,No
255,No
255,No
255,No
255,No
255,No
255,No
255,No
255,No
255,No
256,No
256,No
256,No
256,No
256,No
256,No
256,No
256,No
256,No
256,No
256,No
256,No
256,No
256,No
256,No
256,No
256,No
256,No
256,No
256,No
256,No
256,No
256,No
256,No
256,No
257,No
257,No
257,No
257,No
257,No
257,No
257,No
257,No
257,No
257,No
257,No
257,No
257,No
257,No
257,No
257,No
257,No
257,No
257,No
257,No
257,No
257,No
257,No
257,No
257,No
257,No
258,Yes
258,Yes
258,Yes
258,Yes
258,Yes
258,No
258,Yes
258,Yes
258,Yes
258,No
258,Yes
258,Yes
258,Yes
258,Yes
258,Yes
258,No
258,Yes
258,Yes
258,Yes
258,Yes
258,Yes
258,Yes
258,No
258,No
258,Yes
258,Yes
259,No
259,No
259,No
259,No
259,No
259,No
259,No
259,No
259,No
259,No
259,No
259,No
259,No
259,No
259,No
259,No
259,No
259,No
259,No
259,No
259,No
259,No
259,No
259,No
259,No
259,No
260,No
260,No
260,No
260,No
260,No
260,No
260,No
260,No
260,No
260,No
260,No
260,No
260,No
260,No
260,No
260,No
260,No
260,No
260,No
260,No
260,No
260,No
260,No
260,No
260,No
260,No
261,No
261,No
261,No
261,No
261,No
261,No
261,No
261,No
261,No
261,No
261,No
261,No
261,No
261,No
261,No
261,No
261,No
261,No
261,No
261,No
261,No
261,No
261,No
261,No
262,No
262,No
262,No
262,No
262,No
262,No
262,No
262,No
262,No
262,No
262,No
262,No
262,No
262,No
262,No
262,No
262,No
262,No
262,No
262,No
262,No
262,No
262,No
262,No
262,No
263,No
263,No
263,No
263,No
263,No
263,No
263,No
263,No
263,No
263,No
263,No
263,No
263,No
263,No
263,No
263,No
263,No
263,No
263,No
263,No
263,No
263,No
263,No
263,No
263,No
264,Yes
264,Yes
264,No
264,Yes
264,Yes
264,Yes
264,Yes
264,Yes
264,Yes
264,Yes
264,Yes
264,Yes
264,Yes
264,Yes
264,Yes
264,Yes
264,Yes
264,Yes
264,Yes
264,Yes
264,No
264,Yes
264,Yes
264,Yes
265,No
265,No
265,No
265,No
265,No
265,No
265,No
265,No
265,No
265,No
265,No
265,No
265,No
265,No
265,No
265,No
265,No
265,No
265,No
265,No
265,No
265,No
265,No
265,No
265,No
265,No
266,No
266,No
266,No
266,No
266,No
266,No
266,No
266,No
266,No
266,No
266,No
266,No
266,No
266,No
266,No
266,No
266,No
266,No
266,No
266,No
266,No
266,No
266,No
266,No
266,No
267,No
267,No
267,No
267,No
267,No
267,No
267,No
267,No
267,No
267,No
267,No
267,No
267,No
267,No
267,No
267,No
267,Yes
267,No
267,No
267,No
267,No
267,No
267,No
267,No
267,No
267,No
268,No
268,No
268,No
268,No
268,No
268,No
268,No
268,No
268,No
268,No
268,No
268,No
268,No
268,No
268,No
268,No
268,No
268,No
268,No
268,No
268,No
268,No
268,No
268,No
268,No
269,No
269,No
269,No
269,No
269,No
269,No
269,No
269,No
269,No
269,No
269,No
269,No
269,No
269,No
269,No
269,No
269,No
269,No
269,No
269,No
269,Yes
269,No
269,Yes
269,No
269,No
270,No
270,No
270,No
270,No
270,No
270,No
270,No
270,No
270,No
270,No
270,No
270,No
270,No
270,No
270,No
270,No
270,No
270,No
270,No
270,No
270,No
270,No
270,No
270,No
270,No
271,No
271,No
271,No
271,No
271,No
271,No
271,No
271,No
271,No
271,Yes
271,No
271,No
271,No
271,Yes
271,No
271,Yes
271,No
271,No
271,No
271,No
271,No
271,No
271,No
272,No
272,No
272,No
272,No
272,No
272,No
272,No
272,No
272,No
272,No
272,No
272,No
272,No
272,No
272,No
272,No
272,No
272,No
272,No
272,No
272,No
272,No
272,No
272,No
272,No
272,No
273,No
273,No
273,No
273,No
273,No
273,No
273,Yes
273,No
273,No
273,No
273,No
273,No
273,No
273,No
273,No
273,No
273,No
273,No
273,No
273,No
273,No
273,No
273,No
273,No
273,No
273,No
274,No
274,No
274,No
274,No
274,No
274,No
274,No
274,No
274,No
274,No
274,No
274,No
274,No
274,No
274,No
274,No
274,No
274,No
274,No
274,No
274,No
274,No
274,No
274,No
274,No
274,No
275,No
275,No
275,No
275,No
275,No
275,No
275,No
275,No
275,No
275,No
275,No
275,No
275,No
275,No
275,No
275,No
275,No
275,No
275,No
275,No
275,No
275,No
275,No
275,No
275,No
276,No
276,No
276,No
276,No
276,No
276,No
276,No
276,No
276,No
276,No
276,No
276,No
276,No
276,No
276,No
276,No
276,No
276,No
276,No
276,No
276,No
276,No
276,No
276,No
276,No
277,No
277,No
277,No
277,No
277,No
277,No
277,No
277,No
277,No
277,No
277,No
277,No
277,No
277,No
277,No
277,No
277,No
277,No
277,No
277,No
277,No
277,No
277,No
277,No
277,No
277,No
278,No
278,No
278,No
278,No
278,No
278,No
278,No
278,No
278,No
278,No
278,No
278,No
278,No
278,No
278,No
278,No
278,No
278,No
278,No
278,No
278,No
278,No
278,No
278,No
278,No
278,No
279,No
279,No
279,No
279,No
279,No
279,No
279,No
279,No
279,No
279,No
279,No
279,No
279,No
279,No
279,No
279,No
279,No
279,No
279,No
279,No
279,No
279,No
279,No
279,No
280,No
280,No
280,No
280,No
280,No
280,No
280,No
280,No
280,No
280,No
280,No
280,No
280,No
280,No
280,No
280,No
280,No
280,No
280,No
280,No
280,No
280,No
280,No
280,No
280,No
280,No
281,No
281,No
281,No
281,No
281,No
281,No
281,No
281,No
281,No
281,No
281,No
281,No
281,No
281,No
281,No
281,No
281,No
281,No
281,No
281,No
281,No
281,No
281,No
281,No
281,No
281,No
282,No
282,No
282,No
282,No
282,No
282,No
282,No
282,No
282,No
282,No
282,No
282,No
282,No
282,No
282,No
282,No
282,No
282,No
282,No
282,No
282,No
282,No
282,No
282,No
282,No
282,No
283,No
283,No
283,No
283,Yes
283,No
283,No
283,No
283,No
283,No
283,Yes
283,No
283,No
283,No
283,No
283,No
283,No
283,No
283,No
283,No
283,No
283,No
283,No
283,No
283,No
284,No
284,No
284,No
284,No
284,No
284,No
284,No
284,No
284,No
284,No
284,No
284,No
284,No
284,No
284,No
284,No
284,No
284,No
284,No
284,No
284,No
284,No
284,No
284,No
284,No
284,No
285,No
285,No
285,No
285,No
285,No
285,No
285,No
285,No
285,No
285,No
285,No
285,No
285,No
285,No
285,No
285,No
285,No
285,No
285,No
285,No
285,No
285,No
285,No
285,No
285,No
286,No
286,No
286,No
286,No
286,No
286,No
286,No
286,No
286,No
286,No
286,No
286,No
286,No
286,No
286,No
286,No
286,No
286,No
286,No
286,No
286,No
286,No
286,No
286,No
286,No
287,No
287,No
287,No
287,No
287,No
287,No
287,No
287,No
287,No
287,No
287,No
287,No
287,No
287,No
287,No
287,No
287,No
287,No
287,No
287,No
287,No
287,No
287,No
287,No
288,No
288,No
288,No
288,No
288,No
288,No
288,No
288,No
288,No
288,No
288,No
288,No
288,No
288,No
288,No
288,No
288,No
288,No
288,No
288,No
288,No
288,No
288,No
288,No
289,No
289,No
289,No
289,No
289,No
289,No
289,No
289,No
289,No
289,No
289,No
289,No
289,No
289,No
289,No
289,No
289,No
289,No
289,No
289,No
289,No
289,No
289,No
289,No
289,No
289,No
290,No
290,No
290,No
290,No
290,No
290,No
290,No
290,No
290,No
290,No
290,No
290,No
290,No
290,No
290,No
290,No
290,No
290,No
290,No
290,No
290,No
290,No
290,No
290,No
290,No
290,No
291,No
291,No
291,No
291,No
291,No
291,No
291,No
291,No
291,No
291,No
291,No
291,No
291,No
291,No
291,No
291,No
291,No
291,No
291,No
291,No
291,No
291,Yes
291,No
291,No
291,No
291,No
292,No
292,No
292,No
292,No
292,No
292,No
292,No
292,No
292,No
292,No
292,No
292,No
292,No
292,No
292,No
292,No
292,No
292,No
292,No
292,No
292,No
292,No
292,No
292,No
292,No
293,Yes
293,No
293,Yes
293,Yes
293,Yes
293,No
293,Yes
293,Yes
293,No
293,No
293,Yes
293,No
293,Yes
293,No
293,No
293,No
293,No
293,No
293,Yes
293,No
293,Yes
293,Yes
293,Yes
293,Yes
293,Yes
294,No
294,No
294,No
294,No
294,No
294,No
294,No
294,No
294,No
294,No
294,No
294,No
294,No
294,No
294,No
294,No
294,No
294,No
294,No
294,No
294,No
294,No
294,No
294,No
294,No
295,No
295,No
295,No
295,No
295,No
295,No
295,No
295,No
295,No
295,No
295,No
295,No
295,No
295,No
295,No
295,No
295,No
295,No
295,No
295,No
295,No
295,No
295,No
295,No
295,No
295,No
296,No
296,No
296,No
296,No
296,No
296,No
296,No
296,No
296,No
296,No
296,No
296,No
296,No
296,No
296,No
296,No
296,No
296,No
296,No
296,No
296,No
296,No
296,No
296,No
296,No
296,No
297,No
297,Yes
297,No
297,No
297,Yes
297,No
297,No
297,Yes
297,No
297,Yes
297,Yes
297,No
297,Yes
297,No
297,No
297,No
297,No
297,Yes
297,No
297,No
297,No
297,No
297,No
297,No
298,No
298,No
298,No
298,No
298,No
298,No
298,No
298,No
298,No
298,No
298,No
298,No
298,No
298,No
298,No
298,No
298,No
298,No
298,No
298,No
298,No
298,No
298,No
298,No
298,No
298,No
299,No
299,No
299,No
299,No
299,No
299,No
299,No
299,No
299,No
299,No
299,No
299,No
299,No
299,No
299,No
299,No
299,No
299,No
299,No
299,No
299,No
299,No
299,No
299,No
299,No
299,No
300,No
300,No
300,No
300,No
300,No
300,No
300,No
300,No
300,No
300,No
300,No
300,No
300,No
300,No
300,No
300,No
300,No
300,No
300,No
300,No
300,No
300,No
300,No
300,No
300,No
301,No
301,No
301,No
301,No
301,No
301,No
301,No
301,No
301,No
301,No
301,No
301,No
301,No
301,No
301,No
301,No
301,No
301,No
301,No
301,No
301,No
301,No
301,No
301,No
301,No
302,No
302,No
302,Yes
302,Yes
302,No
302,No
302,No
302,No
302,No
302,No
302,Yes
302,No
302,No
302,No
302,No
302,No
302,Yes
302,Yes
302,Yes
302,Yes
302,Yes
302,Yes
302,Yes
302,Yes
302,No
302,Yes
303,Yes
303,Yes
303,Yes
303,Yes
303,Yes
303,Yes
303,No
303,Yes
303,Yes
303,Yes
303,Yes
303,Yes
303,Yes
303,Yes
303,No
303,Yes
303,Yes
303,Yes
303,Yes
303,Yes
303,Yes
303,Yes
303,Yes
303,Yes
303,Yes
303,Yes
304,No
304,No
304,No
304,No
304,No
304,No
304,No
304,No
304,No
304,No
304,No
304,No
304,No
304,No
304,No
304,No
304,No
304,No
304,No
304,No
304,No
304,No
304,No
304,No
304,No
304,No
305,No
305,No
305,No
305,No
305,No
305,No
305,No
305,No
305,No
305,No
305,No
305,No
305,No
305,No
305,No
305,No
305,No
305,No
305,No
305,No
305,No
305,No
305,No
305,No
305,No
305,No
306,No
306,No
306,No
306,No
306,No
306,No
306,No
306,No
306,No
306,No
306,No
306,No
306,No
306,No
306,No
306,No
306,No
306,No
306,No
306,No
306,No
306,No
306,No
306,No
306,No
306,No
307,No
307,No
307,No
307,No
307,Yes
307,No
307,No
307,No
307,No
307,No
307,No
307,No
307,No
307,No
307,No
307,No
307,No
307,No
307,No
307,No
307,No
307,No
307,No
307,No
307,No
308,No
308,No
308,No
308,No
308,No
308,No
308,No
308,No
308,No
308,No
308,No
308,No
308,No
308,No
308,No
308,No
308,No
308,No
308,No
308,No
308,No
308,No
308,No
308,No
308,No
308,No
309,No
309,No
309,No
309,No
309,No
309,No
309,No
309,No
309,No
309,No
309,No
309,No
309,No
309,No
309,No
309,No
309,No
309,No
309,No
309,No
309,No
309,No
309,No
309,No
310,No
310,No
310,No
310,No
310,No
310,No
310,No
310,No
310,No
310,No
310,No
310,No
310,No
310,No
310,No
310,No
310,No
310,Yes
310,No
310,No
310,No
310,No
310,No
310,No
310,No
310,No
311,No
311,No
311,No
311,No
311,No
311,No
311,No
311,No
311,No
311,No
311,No
311,No
311,No
311,No
311,No
311,No
311,No
311,No
311,No
311,No
311,No
311,No
311,No
311,No
312,No
312,No
312,No
312,No
312,No
312,No
312,No
312,No
312,No
312,No
312,No
312,No
312,No
312,No
312,No
312,No
312,No
312,No
312,No
312,No
312,No
312,No
312,No
312,No
312,No
312,No
313,No
313,No
313,No
313,No
313,No
313,No
313,No
313,No
313,No
313,No
313,No
313,No
313,No
313,No
313,No
313,Yes
313,No
313,No
313,No
313,No
313,No
313,No
313,No
313,No
313,No
314,No
314,No
314,No
314,No
314,No
314,No
314,No
314,No
314,No
314,No
314,No
314,No
314,No
314,No
314,No
314,No
314,No
314,Yes
314,No
314,No
314,No
314,No
314,No
314,No
314,No
315,No
315,No
315,No
315,No
315,No
315,No
315,No
315,No
315,No
315,No
315,No
315,No
315,No
315,No
315,No
315,No
315,No
315,No
315,No
315,No
315,No
315,No
315,No
315,No
315,No
315,No
316,No
316,No
316,No
316,No
316,No
316,Yes
316,No
316,No
316,No
316,No
316,No
316,No
316,No
316,No
316,No
316,No
316,No
316,No
316,No
316,No
316,No
316,No
316,No
316,No
316,No
317,No
317,No
317,No
317,No
317,No
317,No
317,No
317,No
317,No
317,No
317,No
317,No
317,No
317,No
317,No
317,No
317,No
317,No
317,No
317,No
317,No
317,No
317,No
317,No
317,No
317,No
318,No
318,No
318,No
318,No
318,No
318,No
318,No
318,No
318,No
318,No
318,No
318,No
318,No
318,No
318,No
318,No
318,No
318,No
318,No
318,No
318,No
318,No
318,No
318,No
318,No
318,No
319,No
319,No
319,No
319,No
319,No
319,No
319,No
319,No
319,No
319,No
319,No
319,No
319,No
319,No
319,No
319,No
319,No
319,No
319,No
319,No
319,No
319,No
319,No
319,No
319,No
320,No
320,No
320,No
320,No
320,No
320,No
320,No
320,No
320,No
320,No
320,No
320,No
320,No
320,No
320,No
320,No
320,No
320,No
320,No
320,No
320,No
320,No
320,No
320,No
320,No
320,No
321,Yes
321,Yes
321,Yes
321,No
321,No
321,No
321,Yes
321,Yes
321,Yes
321,No
321,Yes
321,Yes
321,Yes
321,Yes
321,Yes
321,Yes
321,Yes
321,Yes
321,No
321,No
321,No
321,Yes
321,No
321,No
321,No
321,No
322,No
322,No
322,No
322,No
322,No
322,No
322,No
322,No
322,No
322,No
322,No
322,No
322,No
322,No
322,No
322,No
322,No
322,No
322,No
322,No
322,No
322,No
322,No
322,No
322,No
322,No
323,No
323,No
323,No
323,No
323,No
323,No
323,No
323,No
323,No
323,No
323,No
323,No
323,No
323,No
323,No
323,No
323,No
323,No
323,No
323,No
323,No
323,No
323,No
323,No
323,No
323,No
324,No
324,No
324,No
324,No
324,No
324,No
324,No
324,No
324,No
324,No
324,No
324,No
324,No
324,No
324,No
324,No
324,No
324,No
324,No
324,No
324,No
324,No
324,No
324,No
324,No
325,No
325,No
325,No
325,No
325,No
325,No
325,No
325,No
325,No
325,No
325,No
325,No
325,No
325,No
325,No
325,No
325,No
325,No
325,No
325,No
325,No
325,No
325,No
325,No
325,No
325,No
326,No
326,No
326,No
326,No
326,No
326,No
326,No
326,No
326,No
326,No
326,No
326,No
326,No
326,No
326,No
326,No
326,No
326,No
326,No
326,No
326,No
326,No
326,No
326,No
326,No
326,No
327,No
327,No
327,No
327,No
327,No
327,No
327,No
327,No
327,No
327,No
327,No
327,No
327,No
327,No
327,No
327,No
327,No
327,No
327,No
327,No
327,No
327,No
327,No
327,No
327,No
327,No
328,Yes
328,Yes
328,No
328,No
328,Yes
328,No
328,No
328,No
328,No
328,No
328,No
328,No
328,No
328,No
328,No
328,Yes
328,No
328,Yes
328,No
328,No
328,Yes
328,No
328,No
328,No
328,No
329,Yes
329,Yes
329,No
329,Yes
329,No
329,No
329,Yes
329,Yes
329,Yes
329,Yes
329,Yes
329,Yes
329,Yes
329,Yes
329,Yes
329,Yes
329,Yes
329,Yes
329,Yes
329,Yes
329,No
329,Yes
329,Yes
329,Yes
329,Yes
330,No
330,No
330,No
330,No
330,No
330,No
330,No
330,No
330,No
330,No
330,No
330,No
330,No
330,No
330,No
330,No
330,No
330,No
330,No
330,No
330,No
330,No
330,No
330,No
330,No
331,No
331,No
331,No
331,No
331,No
331,No
331,No
331,No
331,No
331,No
331,No
331,No
331,No
331,No
331,No
331,No
331,No
331,No
331,No
331,No
331,No
331,No
331,No
331,No
331,No
332,No
332,No
332,No
332,No
332,No
332,No
332,No
332,No
332,No
332,No
332,No
332,No
332,No
332,No
332,No
332,No
332,No
332,No
332,No
332,No
332,No
332,No
332,No
332,No
332,No
332,No
333,No
333,No
333,No
333,No
333,No
333,No
333,No
333,No
333,No
333,No
333,No
333,No
333,No
333,No
333,No
333,No
333,No
333,No
333,No
333,No
333,No
333,No
333,No
333,No
333,No
334,No
334,No
334,No
334,No
334,No
334,No
334,No
334,No
334,No
334,No
334,No
334,No
334,No
334,No
334,No
334,No
334,No
334,No
334,No
334,No
334,No
334,No
334,No
334,No
335,No
335,No
335,No
335,No
335,No
335,No
335,No
335,No
335,No
335,No
335,No
335,No
335,No
335,No
335,No
335,No
335,No
335,No
335,No
335,No
335,No
335,No
335,No
335,No
335,No
336,No
336,Yes
336,No
336,No
336,No
336,No
336,No
336,No
336,No
336,No
336,No
336,No
336,No
336,Yes
336,No
336,No
336,Yes
336,Yes
336,No
336,No
336,No
336,No
336,No
336,No
336,No
337,No
337,No
337,No
337,No
337,No
337,No
337,No
337,No
337,No
337,No
337,No
337,No
337,No
337,No
337,No
337,No
337,No
337,No
337,No
337,No
337,No
337,No
337,No
337,No
337,No
337,No
338,No
338,No
338,No
338,No
338,No
338,No
338,No
338,No
338,No
338,No
338,No
338,No
338,No
338,No
338,No
338,No
338,No
338,No
338,No
338,No
338,No
338,No
338,No
338,No
338,No
338,No
339,Yes
339,Yes
339,No
339,No
339,No
339,No
339,Yes
339,Yes
339,Yes
339,No
339,Yes
339,No
339,No
339,Yes
339,No
339,No
339,No
339,No
339,No
339,No
339,No
339,No
339,No
339,No
339,No
340,No
340,No
340,No
340,No
340,No
340,No
340,No
340,No
340,No
340,No
340,No
340,No
340,No
340,No
340,No
340,No
340,No
340,No
340,No
340,No
340,No
340,No
340,No
340,No
341,No
341,No
341,No
341,No
341,No
341,No
341,No
341,No
341,No
341,No
341,No
341,No
341,No
341,No
341,No
341,No
341,No
341,No
341,No
341,No
341,No
341,No
341,No
341,No
341,No
341,No
342,No
342,No
342,No
342,No
342,No
342,No
342,No
342,No
342,No
342,No
342,No
342,No
342,No
342,No
342,No
342,No
342,No
342,No
342,No
342,No
342,No
342,No
342,No
342,Yes
342,No
342,No
343,No
343,No
343,No
343,No
343,No
343,Yes
343,No
343,No
343,No
343,Yes
343,No
343,No
343,No
343,Yes
343,Yes
343,Yes
343,No
343,No
343,No
343,No
343,No
343,No
343,No
343,Yes
343,No
344,No
344,No
344,No
344,No
344,No
344,Yes
344,No
344,No
344,No
344,No
344,No
344,No
344,No
344,No
344,No
344,No
344,No
344,No
344,No
344,No
344,No
344,No
344,No
344,No
344,No
345,Yes
345,No
345,No
345,No
345,No
345,No
345,No
345,No
345,No
345,Yes
345,No
345,No
345,No
345,Yes
345,No
345,Yes
345,No
345,No
345,Yes
345,No
345,No
345,No
345,No
345,No
345,No
346,No
346,No
346,No
346,No
346,No
346,No
346,No
346,No
346,No
346,No
346,No
346,No
346,No
346,No
346,No
346,No
346,No
346,No
346,No
346,No
346,No
346,No
346,No
346,No
346,No
347,No
347,No
347,No
347,No
347,No
347,No
347,No
347,No
347,No
347,No
347,No
347,No
347,No
347,No
347,No
347,No
347,No
347,No
347,No
347,No
347,No
347,No
347,No
347,No
347,No
347,No
348,No
348,No
348,No
348,No
348,No
348,No
348,No
348,No
348,No
348,No
348,No
348,No
348,No
348,No
348,No
348,No
348,No
348,No
348,No
348,No
348,No
348,No
348,No
348,No
348,No
348,No
349,No
349,No
349,No
349,No
349,No
349,No
349,No
349,No
349,No
349,No
349,No
349,No
349,No
349,No
349,No
349,No
349,No
349,No
349,No
349,No
349,No
349,No
349,No
349,No
349,No
350,No
350,No
350,No
350,No
350,No
350,No
350,No
350,No
350,No
350,No
350,No
350,No
350,No
350,No
350,No
350,No
350,No
350,No
350,No
350,No
350,No
350,No
350,No
350,No
350,No
350,No
351,No
351,No
351,No
351,No
351,No
351,Yes
351,No
351,No
351,Yes
351,No
351,No
351,No
351,No
351,No
351,Yes
351,Yes
351,No
351,No
351,No
351,No
351,No
351,No
351,No
351,No
352,No
352,No
352,No
352,No
352,No
352,No
352,No
352,No
352,No
352,No
352,No
352,No
352,No
352,No
352,No
352,No
352,No
352,No
352,No
352,No
352,No
352,No
352,No
352,No
352,No
352,No
353,No
353,No
353,No
353,No
353,No
353,No
353,No
353,No
353,No
353,No
353,No
353,No
353,No
353,No
353,No
353,No
353,No
353,No
353,No
353,No
353,No
353,No
353,No
353,No
353,No
353,No
354,No
354,No
354,No
354,No
354,No
354,No
354,No
354,No
354,Yes
354,No
354,No
354,No
354,No
354,No
354,No
354,No
354,No
354,No
354,No
354,No
354,No
354,No
354,No
354,No
354,No
354,No
355,No
355,No
355,No
355,No
355,No
355,No
355,No
355,No
355,No
355,No
355,No
355,No
355,No
355,No
355,No
355,No
355,No
355,No
355,No
355,No
355,No
355,No
355,No
355,No
355,No
356,No
356,No
356,No
356,No
356,No
356,No
356,No
356,No
356,No
356,No
356,No
356,No
356,No
356,No
356,No
356,No
356,No
356,No
356,No
356,No
356,No
356,No
356,No
356,No
356,No
357,No
357,No
357,No
357,No
357,No
357,No
357,No
357,No
357,No
357,No
357,No
357,No
357,No
357,No
357,No
357,No
357,No
357,No
357,No
357,No
357,No
357,No
357,No
357,No
357,No
357,No
358,No
358,No
358,No
358,No
358,No
358,No
358,No
358,No
358,No
358,No
358,No
358,No
358,No
358,No
358,No
358,No
358,No
358,No
358,No
358,No
358,No
358,No
358,No
358,No
358,No
358,No
359,No
359,No
359,No
359,No
359,No
359,No
359,No
359,No
359,No
359,No
359,No
359,No
359,No
359,No
359,No
359,No
359,No
359,No
359,No
359,No
359,No
359,No
359,No
359,No
359,No
360,No
360,No
360,No
360,No
360,No
360,No
360,No
360,No
360,No
360,No
360,No
360,No
360,No
360,No
360,No
360,No
360,No
360,No
360,No
360,No
360,No
360,No
360,No
360,No
360,No
360,No
361,No
361,No
361,No
361,No
361,No
361,No
361,No
361,No
361,No
361,No
361,No
361,No
361,No
361,No
361,No
361,No
361,No
361,No
361,No
361,No
361,No
361,No
361,No
361,No
361,No
362,No
362,No
362,No
362,No
362,No
362,No
362,No
362,No
362,No
362,No
362,No
362,No
362,No
362,No
362,No
362,No
362,No
362,No
362,No
362,No
362,No
362,No
362,No
362,No
362,Yes
362,No
363,No
363,No
363,No
363,No
363,No
363,No
363,No
363,No
363,No
363,No
363,No
363,No
363,No
363,No
363,No
363,No
363,No
363,No
363,No
363,No
363,No
363,No
363,No
363,No
363,No
363,No
364,No
364,No
364,No
364,No
364,No
364,No
364,No
364,No
364,No
364,No
364,No
364,Yes
364,Yes
364,No
364,Yes
364,No
364,Yes
364,Yes
364,Yes
364,No
364,No
364,No
364,No
364,No
364,No
364,No
365,No
365,No
365,No
365,No
365,No
365,No
365,No
365,No
365,No
365,No
365,No
365,No
365,No
365,No
365,No
365,No
365,No
365,No
365,No
365,No
365,No
365,No
365,No
365,No
365,No
365,No
366,No
366,No
366,No
366,No
366,No
366,No
366,No
366,No
366,No
366,No
366,No
366,No
366,No
366,No
366,No
366,No
366,No
366,No
366,No
366,No
366,No
366,No
366,No
366,No
366,No
366,No
367,No
367,No
367,No
367,No
367,No
367,No
367,No
367,No
367,No
367,No
367,No
367,No
367,No
367,No
367,No
367,No
367,No
367,No
367,No
367,No
367,No
367,No
367,No
368,No
368,No
368,Yes
368,Yes
368,No
368,Yes
368,Yes
368,Yes
368,Yes
368,No
368,No
368,No
368,Yes
368,No
368,No
368,Yes
368,No
368,Yes
368,No
368,No
368,No
368,No
368,No
368,No
368,No
368,No
369,No
369,No
369,No
369,No
369,No
369,No
369,No
369,No
369,No
369,No
369,No
369,No
369,No
369,No
369,No
369,No
369,No
369,No
369,No
369,No
369,No
369,No
369,No
369,No
369,No
370,No
370,No
370,No
370,No
370,No
370,No
370,No
370,No
370,No
370,No
370,No
370,No
370,No
370,No
370,No
370,No
370,No
370,No
370,No
370,No
370,No
370,No
370,No
370,No
370,No
370,Yes
371,No
371,No
371,No
371,Yes
371,No
371,No
371,No
371,No
371,No
371,No
371,No
371,No
371,No
371,No
371,No
371,No
371,No
371,No
371,No
371,No
371,No
371,No
371,No
371,No
371,No
371,No
372,No
372,No
372,No
372,No
372,No
372,No
372,No
372,No
372,No
372,No
372,No
372,No
372,No
372,No
372,No
372,No
372,No
372,No
372,No
372,No
372,No
372,No
372,No
372,No
372,No
372,No
373,Yes
373,No
373,No
373,No
373,No
373,No
373,No
373,No
373,Yes
373,No
373,No
373,No
373,No
373,No
373,Yes
373,Yes
373,Yes
373,Yes
373,Yes
373,Yes
373,No
373,No
373,No
373,No
373,No
373,No
374,No
374,No
374,No
374,No
374,No
374,No
374,No
374,No
374,No
374,No
374,No
374,No
374,No
374,No
374,No
374,No
374,No
374,No
374,No
374,No
374,No
374,No
374,No
374,No
374,No
374,No
375,No
375,No
375,No
375,No
375,No
375,No
375,No
375,No
375,No
375,No
375,No
375,Yes
375,Yes
375,No
375,Yes
375,No
375,Yes
375,No
375,No
375,Yes
375,Yes
375,No
375,No
375,No
375,No
375,No
376,No
376,No
376,No
376,No
376,No
376,No
376,No
376,No
376,No
376,No
376,No
376,No
376,No
376,No
376,No
376,No
376,No
376,No
376,No
376,No
376,No
376,No
376,No
376,No
376,No
376,No
377,No
377,No
377,No
377,No
377,No
377,No
377,No
377,No
377,No
377,No
377,No
377,No
377,No
377,No
377,No
377,No
377,No
377,No
377,No
377,No
377,No
377,No
377,No
377,No
377,No
377,No
378,Yes
378,No
378,No
378,No
378,No
378,No
378,No
378,No
378,No
378,No
378,No
378,No
378,No
378,No
378,No
378,No
378,No
378,No
378,Yes
378,Yes
378,No
378,No
378,No
378,Yes
378,Yes
378,Yes
379,No
379,No
379,No
379,No
379,No
379,No
379,No
379,No
379,No
379,No
379,No
379,No
379,No
379,No
379,No
379,No
379,No
379,No
379,No
379,No
379,No
379,No
379,No
379,No
379,No
379,No
380,No
380,No
380,No
380,No
380,No
380,No
380,No
380,No
380,No
380,No
380,No
380,No
380,No
380,No
380,No
380,No
380,No
380,No
380,No
380,No
380,No
380,No
380,Yes
380,No
380,No
380,No
381,Yes
381,Yes
381,Yes
381,No
381,Yes
381,No
381,Yes
381,Yes
381,Yes
381,Yes
381,Yes
381,Yes
381,Yes
381,No
381,Yes
381,Yes
381,Yes
381,No
381,Yes
381,Yes
381,Yes
381,Yes
381,Yes
382,No
382,No
382,No
382,No
382,No
382,No
382,No
382,No
382,No
382,No
382,No
382,No
382,No
382,No
382,No
382,No
382,No
382,No
382,No
382,No
382,No
382,No
382,No
382,No
383,Yes
383,Yes
383,Yes
383,Yes
383,Yes
383,Yes
383,Yes
383,Yes
383,Yes
383,Yes
383,Yes
383,Yes
383,Yes
383,Yes
383,Yes
383,Yes
383,Yes
383,Yes
383,Yes
383,Yes
383,Yes
383,No
383,Yes
383,Yes
383,Yes
383,Yes
384,No
384,No
384,No
384,No
384,No
384,No
384,No
384,No
384,No
384,No
384,No
384,No
384,No
384,No
384,No
384,No
384,No
384,No
384,No
384,No
384,No
384,No
384,No
384,No
384,No
384,No
385,No
385,No
385,No
385,No
385,No
385,No
385,No
385,No
385,No
385,No
385,No
385,No
385,No
385,No
385,No
385,No
385,No
385,No
385,No
385,No
385,No
385,No
385,No
385,No
385,No
385,No
386,No
386,No
386,No
386,No
386,No
386,No
386,No
386,No
386,No
386,No
386,No
386,No
386,No
386,No
386,No
386,No
386,No
386,No
386,No
386,No
386,No
386,No
386,No
386,No
386,No
386,No
387,No
387,No
387,No
387,No
387,No
387,No
387,No
387,No
387,No
387,No
387,No
387,No
387,No
387,No
387,No
387,No
387,No
387,No
387,No
387,No
387,No
387,No
387,No
387,No
387,No
387,No
388,No
388,No
388,No
388,No
388,No
388,No
388,No
388,No
388,No
388,No
388,No
388,No
388,No
388,No
388,No
388,No
388,No
388,No
388,No
388,No
388,No
388,No
388,No
388,No
388,No
389,No
389,No
389,No
389,No
389,No
389,No
389,No
389,No
389,No
389,No
389,No
389,No
389,No
389,No
389,No
389,No
389,No
389,No
389,No
389,No
389,No
389,No
389,No
389,No
389,No
389,No
390,Yes
390,Yes
390,Yes
390,Yes
390,Yes
390,No
390,Yes
390,Yes
390,Yes
390,Yes
390,Yes
390,Yes
390,No
390,Yes
390,Yes
390,Yes
390,Yes
390,No
390,Yes
390,Yes
390,Yes
390,No
390,Yes
390,Yes
390,No
390,Yes
391,No
391,No
391,No
391,No
391,No
391,No
391,No
391,No
391,No
391,No
391,No
391,Yes
391,No
391,No
391,Yes
391,No
391,No
391,No
391,No
391,No
391,No
391,No
391,No
391,No
391,No
391,No
392,No
392,No
392,No
392,No
392,No
392,No
392,No
392,No
392,No
392,No
392,No
392,No
392,No
392,No
392,No
392,No
392,No
392,No
392,No
392,No
392,No
392,No
392,No
392,No
393,No
393,No
393,No
393,No
393,No
393,No
393,No
393,No
393,No
393,No
393,No
393,Yes
393,No
393,Yes
393,Yes
393,No
393,Yes
393,Yes
393,Yes
393,Yes
393,No
393,No
393,No
393,Yes
393,Yes
393,No
394,Yes
394,Yes
394,Yes
394,Yes
394,Yes
394,Yes
394,Yes
394,Yes
394,No
394,Yes
394,Yes
394,No
394,Yes
394,No
394,No
394,Yes
394,Yes
394,Yes
394,Yes
394,No
394,Yes
394,Yes
394,Yes
394,No
395,No
395,No
395,No
395,No
395,No
395,No
395,No
395,No
395,No
395,Yes
395,No
395,No
395,No
395,No
395,No
395,No
395,No
395,No
395,No
395,No
395,No
395,No
395,No
395,No
395,No
396,No
396,No
396,No
396,No
396,No
396,No
396,No
396,No
396,No
396,No
396,No
396,No
396,No
396,No
396,No
396,No
396,No
396,No
396,No
396,No
396,No
396,No
396,No
396,No
396,No
396,No
397,No
397,No
397,No
397,No
397,No
397,Yes
397,No
397,No
397,No
397,No
397,No
397,No
397,No
397,No
397,No
397,No
397,No
397,No
397,No
397,No
397,No
397,No
397,No
397,No
397,No
397,No
398,No
398,No
398,No
398,No
398,No
398,No
398,No
398,No
398,No
398,No
398,No
398,No
398,No
398,No
398,No
398,No
398,No
398,No
398,No
398,No
398,No
398,No
398,No
398,No
398,No
399,No
399,No
399,No
399,No
399,No
399,No
399,No
399,No
399,No
399,No
399,No
399,No
399,No
399,No
399,No
399,No
399,No
399,No
399,No
399,No
399,No
399,No
399,No
399,No
399,No
400,No
400,No
400,No
400,No
400,No
400,No
400,No
400,No
400,No
400,No
400,No
400,No
400,No
400,No
400,No
400,No
400,No
400,No
400,No
400,No
400,No
400,No
400,No
400,No
400,No
401,Yes
401,Yes
401,Yes
401,No
401,Yes
401,Yes
401,No
401,Yes
401,Yes
401,Yes
401,Yes
401,Yes
401,Yes
401,No
401,Yes
401,No
401,Yes
401,Yes
401,Yes
401,Yes
401,No
401,Yes
401,No
402,No
402,No
402,No
402,Yes
402,No
402,Yes
402,Yes
402,Yes
402,No
402,Yes
402,Yes
402,Yes
402,Yes
402,No
402,Yes
402,Yes
402,Yes
402,Yes
402,Yes
402,Yes
402,No
402,Yes
402,Yes
402,Yes
402,Yes
403,No
403,No
403,No
403,No
403,No
403,No
403,No
403,No
403,No
403,No
403,No
403,No
403,No
403,No
403,No
403,No
403,No
403,No
403,No
403,No
403,No
403,No
403,No
403,No
403,No
404,No
404,No
404,No
404,No
404,No
404,No
404,No
404,No
404,No
404,No
404,No
404,No
404,No
404,No
404,No
404,No
404,No
404,No
404,No
404,No
404,No
404,No
404,No
404,No
404,No
405,No
405,No
405,No
405,No
405,No
405,No
405,No
405,No
405,No
405,No
405,No
405,No
405,No
405,No
405,No
405,No
405,No
405,No
405,No
405,No
405,No
405,No
405,No
405,No
405,No
405,No
406,Yes
406,No
406,No
406,No
406,No
406,No
406,No
406,No
406,No
406,No
406,No
406,No
406,No
406,No
406,No
406,No
406,No
406,Yes
406,No
406,Yes
406,Yes
406,No
406,Yes
406,No
406,No
406,Yes
407,No
407,No
407,No
407,No
407,No
407,No
407,No
407,No
407,No
407,No
407,No
407,No
407,No
407,No
407,No
407,No
407,No
407,No
407,No
407,No
407,No
407,No
407,No
407,No
407,No
408,No
408,No
408,No
408,No
408,No
408,No
408,No
408,No
408,No
408,No
408,No
408,No
408,No
408,No
408,No
408,No
408,No
408,No
408,No
408,No
408,No
408,No
408,No
408,No
408,No
408,No
409,No
409,No
409,No
409,No
409,No
409,No
409,No
409,No
409,No
409,No
409,No
409,No
409,No
409,No
409,No
409,No
409,No
409,No
409,No
409,No
409,No
409,No
409,No
409,No
409,No
410,No
410,No
410,No
410,No
410,No
410,No
410,No
410,No
410,No
410,No
410,No
410,No
410,No
410,No
410,No
410,No
410,No
410,No
410,No
410,No
410,No
410,No
410,No
410,No
410,No
410,No
411,Yes
411,No
411,No
411,Yes
411,Yes
411,Yes
411,Yes
411,Yes
411,Yes
411,Yes
411,Yes
411,Yes
411,No
411,Yes
411,Yes
411,Yes
411,Yes
411,Yes
411,Yes
411,Yes
411,Yes
411,Yes
411,Yes
411,Yes
411,Yes
411,No
412,No
412,No
412,No
412,No
412,No
412,No
412,No
412,No
412,No
412,No
412,No
412,No
412,No
412,No
412,No
412,No
412,No
412,No
412,No
412,No
412,No
412,No
412,No
412,No
412,No
412,No
413,No
413,No
413,No
413,No
413,No
413,No
413,No
413,No
413,No
413,No
413,No
413,No
413,No
413,No
413,No
413,No
413,No
413,No
413,No
413,No
413,No
413,No
413,No
413,No
413,No
413,Yes
414,No
414,No
414,No
414,No
414,No
414,No
414,No
414,No
414,No
414,No
414,No
414,No
414,No
414,No
414,No
414,No
414,No
414,No
414,No
414,No
414,No
414,No
414,No
414,No
414,No
414,No
415,No
415,No
415,No
415,No
415,No
415,No
415,No
415,No
415,No
415,No
415,No
415,No
415,No
415,No
415,No
415,No
415,No
415,No
415,No
415,No
415,No
415,No
415,No
415,No
415,No
415,No
416,No
416,No
416,No
416,No
416,No
416,No
416,No
416,No
416,No
416,No
416,No
416,No
416,No
416,No
416,No
416,No
416,No
416,No
416,No
416,No
416,No
416,No
417,Yes
417,Yes
417,Yes
417,No
417,Yes
417,Yes
417,Yes
417,No
417,Yes
417,No
417,Yes
417,Yes
417,Yes
417,Yes
417,Yes
417,Yes
417,Yes
417,Yes
417,No
417,Yes
417,Yes
417,Yes
417,No
417,Yes
417,Yes
417,Yes
418,No
418,No
418,No
418,No
418,No
418,No
418,No
418,No
418,No
418,No
418,No
418,No
418,No
418,No
418,No
418,No
418,No
418,No
418,No
418,No
418,No
418,No
418,No
418,No
418,No
418,No
419,Yes
419,No
419,Yes
419,Yes
419,No
419,No
419,Yes
419,Yes
419,Yes
419,No
419,Yes
419,No
419,Yes
419,Yes
419,Yes
419,Yes
419,Yes
419,Yes
419,Yes
419,Yes
419,Yes
419,Yes
419,No
419,Yes
419,Yes
419,Yes
420,No
420,Yes
420,No
420,No
420,No
420,No
420,No
420,No
420,No
420,No
420,No
420,No
420,No
420,No
420,No
420,No
420,No
420,No
420,No
420,No
420,No
420,No
420,No
420,No
420,No
421,No
421,No
421,No
421,No
421,No
421,No
421,No
421,No
421,No
421,No
421,No
421,No
421,No
421,No
421,No
421,No
421,No
421,No
421,No
421,No
421,No
421,No
421,No
421,No
421,No
421,No
422,No
422,No
422,No
422,No
422,No
422,No
422,No
422,No
422,No
422,No
422,No
422,No
422,No
422,No
422,No
422,No
422,No
422,No
422,No
422,No
422,No
422,No
422,No
422,No
422,No
422,No
423,Yes
423,Yes
423,Yes
423,Yes
423,Yes
423,Yes
423,Yes
423,Yes
423,Yes
423,No
423,Yes
423,Yes
423,No
423,Yes
423,Yes
423,No
423,Yes
423,No
423,Yes
423,Yes
423,No
423,Yes
423,No
423,Yes
424,Yes
424,Yes
424,No
424,Yes
424,Yes
424,Yes
424,No
424,Yes
424,Yes
424,Yes
424,Yes
424,Yes
424,No
424,No
424,Yes
424,Yes
424,Yes
424,Yes
424,Yes
424,Yes
424,Yes
424,Yes
424,Yes
424,Yes
424,Yes
424,Yes
425,No
425,No
425,No
425,No
425,No
425,No
425,No
425,No
425,No
425,No
425,No
425,No
425,No
425,No
425,No
425,No
425,No
425,No
425,No
425,No
425,No
425,No
425,No
425,No
425,No
426,No
426,No
426,No
426,No
426,No
426,No
426,No
426,No
426,No
426,No
426,No
426,No
426,No
426,No
426,No
426,No
426,No
426,No
426,No
426,No
426,No
426,No
426,No
426,No
426,No
426,No
427,Yes
427,No
427,Yes
427,Yes
427,No
427,Yes
427,No
427,Yes
427,Yes
427,Yes
427,Yes
427,Yes
427,Yes
427,Yes
427,Yes
427,Yes
427,Yes
427,Yes
427,Yes
427,Yes
427,No
427,Yes
427,No
428,No
428,No
428,No
428,No
428,No
428,No
428,No
428,No
428,No
428,No
428,No
428,No
428,No
428,Yes
428,No
428,No
428,No
428,No
428,No
428,No
428,No
428,No
428,No
428,No
428,No
428,No
429,No
429,No
429,No
429,No
429,No
429,No
429,No
429,No
429,No
429,No
429,No
429,No
429,No
429,No
429,No
429,No
429,No
429,No
429,No
429,No
429,No
429,No
429,No
429,No
429,No
429,No
430,No
430,No
430,No
430,No
430,No
430,No
430,No
430,No
430,No
430,No
430,No
430,No
430,No
430,No
430,No
430,No
430,No
430,No
430,No
430,No
430,No
430,No
430,No
430,No
430,No
430,No
431,No
431,No
431,No
431,No
431,No
431,No
431,No
431,No
431,No
431,No
431,No
431,No
431,No
431,No
431,No
431,No
431,No
431,No
431,No
431,No
431,No
431,No
431,No
431,No
431,No
431,No
432,No
432,No
432,No
432,No
432,No
432,No
432,No
432,No
432,No
432,No
432,No
432,No
432,No
432,No
432,No
432,No
432,No
432,No
432,No
432,No
432,No
432,No
432,No
432,No
432,No
432,No
433,No
433,No
433,No
433,No
433,No
433,No
433,No
433,No
433,No
433,No
433,No
433,No
433,No
433,No
433,No
433,No
433,No
433,No
433,No
433,No
433,No
433,No
433,No
433,No
433,No
433,No
434,No
434,No
434,No
434,No
434,No
434,No
434,No
434,No
434,No
434,No
434,No
434,No
434,No
434,No
434,No
434,No
434,No
434,No
434,No
434,No
434,No
434,No
434,No
434,No
434,No
435,No
435,No
435,No
435,No
435,No
435,No
435,No
435,No
435,No
435,No
435,No
435,No
435,No
435,No
435,No
435,No
435,Yes
435,No
435,No
435,No
435,No
435,No
435,No
435,No
435,No
436,No
436,No
436,No
436,No
436,No
436,No
436,No
436,No
436,No
436,No
436,No
436,No
436,No
436,No
436,No
436,No
436,No
436,No
436,No
436,No
436,No
436,No
436,No
436,No
436,No
436,No
437,No
437,No
437,No
437,No
437,No
437,No
437,No
437,No
437,No
437,No
437,No
437,No
437,No
437,No
437,No
437,No
437,No
437,No
437,No
437,No
437,No
437,No
437,No
437,No
437,No
437,No
438,No
438,Yes
438,No
438,Yes
438,Yes
438,No
438,No
438,No
438,No
438,No
438,No
438,No
438,No
438,No
438,No
438,No
438,No
438,No
438,No
438,No
438,No
438,No
438,No
438,Yes
438,Yes
438,No
439,Yes
439,No
439,Yes
439,No
439,Yes
439,No
439,No
439,No
439,No
439,No
439,No
439,No
439,No
439,No
439,No
439,No
439,No
439,No
439,No
439,No
439,No
439,No
439,No
439,No
439,No
440,No
440,No
440,No
440,No
440,No
440,No
440,No
440,No
440,No
440,No
440,No
440,No
440,No
440,No
440,No
440,No
440,No
440,No
440,No
440,No
440,No
440,No
440,No
440,No
440,No
440,No
441,No
441,No
441,No
441,No
441,No
441,No
441,No
441,No
441,No
441,No
441,No
441,No
441,Yes
441,No
441,No
441,No
441,No
441,No
441,No
441,No
441,Yes
441,No
441,No
441,No
441,No
441,No
442,No
442,No
442,No
442,No
442,No
442,No
442,No
442,No
442,No
442,No
442,No
442,No
442,No
442,No
442,No
442,No
442,No
442,No
442,No
442,No
442,No
442,No
442,No
442,No
442,No
443,Yes
443,Yes
443,Yes
443,Yes
443,Yes
443,Yes
443,Yes
443,Yes
443,Yes
443,Yes
443,Yes
443,No
443,Yes
443,Yes
443,Yes
443,Yes
443,Yes
443,Yes
443,No
443,Yes
443,Yes
443,No
443,Yes
443,No
443,No
443,Yes
444,No
444,No
444,No
444,No
444,No
444,No
444,No
444,No
444,No
444,No
444,No
444,No
444,No
444,No
444,No
444,No
444,No
444,No
444,No
444,No
444,No
444,No
444,No
444,No
445,No
445,No
445,No
445,No
445,No
445,No
445,No
445,No
445,No
445,No
445,No
445,No
445,No
445,No
445,No
445,No
445,No
445,No
445,No
445,No
445,No
445,No
445,No
445,No
445,No
445,No
446,No
446,No
446,No
446,No
446,No
446,No
446,No
446,No
446,No
446,No
446,No
446,No
446,No
446,No
446,No
446,No
446,No
446,No
446,No
446,No
446,No
446,No
446,No
446,No
446,No
446,No
447,No
447,No
447,No
447,No
447,Yes
447,No
447,No
447,No
447,No
447,No
447,No
447,No
447,No
447,No
447,No
447,No
447,No
447,No
447,No
447,No
447,No
447,No
447,No
447,No
447,No
448,No
448,No
448,No
448,No
448,No
448,Yes
448,No
448,No
448,No
448,No
448,No
448,No
448,No
448,No
448,No
448,No
448,No
448,No
448,No
448,No
448,No
448,No
448,Yes
448,No
448,No
449,No
449,No
449,No
449,No
449,No
449,No
449,No
449,No
449,No
449,No
449,No
449,No
449,No
449,No
449,No
449,No
449,No
449,No
449,No
449,No
449,No
449,No
449,No
449,No
449,No
449,No
450,No
450,No
450,No
450,No
450,No
450,No
450,No
450,No
450,No
450,No
450,No
450,No
450,Yes
450,No
450,No
450,No
450,No
450,No
450,No
450,No
450,No
450,No
450,No
450,No
450,No
450,No
451,No
451,No
451,No
451,No
451,No
451,No
451,No
451,No
451,No
451,No
451,No
451,No
451,No
451,No
451,No
451,No
451,No
451,No
451,No
451,No
451,No
451,No
451,No
451,No
452,Yes
452,No
452,No
452,No
452,No
452,Yes
452,No
452,No
452,Yes
452,No
452,No
452,No
452,No
452,No
452,No
452,No
452,No
452,No
452,No
452,No
452,No
452,No
452,No
452,No
452,No
453,No
453,No
453,No
453,No
453,No
453,No
453,No
453,No
453,No
453,No
453,No
453,No
453,No
453,No
453,No
453,No
453,No
453,No
453,No
453,No
453,No
453,No
453,No
453,No
453,No
454,No
454,No
454,No
454,No
454,No
454,No
454,No
454,No
454,Yes
454,No
454,No
454,No
454,No
454,No
454,No
454,No
454,No
454,No
454,No
454,No
454,No
454,No
454,No
454,No
454,No
454,No
455,No
455,No
455,No
455,No
455,No
455,No
455,No
455,No
455,No
455,No
455,No
455,No
455,No
455,No
455,No
455,No
455,No
455,No
455,No
455,No
455,No
455,No
455,No
455,No
455,No
456,No
456,No
456,No
456,No
456,No
456,No
456,No
456,No
456,No
456,No
456,No
456,No
456,No
456,No
456,No
456,No
456,No
456,No
456,No
456,No
456,No
456,No
456,No
456,No
456,No
456,No
457,No
457,No
457,No
457,No
457,No
457,No
457,No
457,No
457,No
457,No
457,Yes
457,No
457,No
457,No
457,No
457,No
457,No
457,No
457,No
457,No
457,No
457,No
457,No
457,No
457,No
457,No
458,No
458,No
458,No
458,No
458,No
458,No
458,No
458,No
458,No
458,No
458,No
458,No
458,No
458,No
458,No
458,No
458,No
458,No
458,No
458,No
458,No
458,No
458,No
458,No
458,No
458,No
459,No
459,No
459,No
459,No
459,No
459,No
459,No
459,No
459,No
459,No
459,No
459,No
459,No
459,No
459,No
459,No
459,No
459,No
459,No
459,No
459,No
459,No
459,No
459,No
459,No
459,No
460,Yes
460,Yes
460,Yes
460,No
460,No
460,Yes
460,Yes
460,Yes
460,Yes
460,Yes
460,No
460,Yes
460,Yes
460,No
460,No
460,Yes
460,Yes
460,No
460,No
460,No
460,No
460,Yes
460,Yes
460,Yes
460,No
460,Yes
461,Yes
461,Yes
461,Yes
461,Yes
461,Yes
461,Yes
461,Yes
461,Yes
461,No
461,Yes
461,Yes
461,No
461,Yes
461,Yes
461,No
461,No
461,Yes
461,Yes
461,Yes
461,Yes
461,Yes
461,Yes
461,Yes
461,Yes
461,Yes
461,Yes
462,No
462,No
462,No
462,No
462,No
462,No
462,No
462,No
462,No
462,No
462,No
462,No
462,No
462,No
462,No
462,No
462,No
462,No
462,No
462,No
462,No
462,No
462,No
462,No
462,No
462,No
463,No
463,No
463,No
463,No
463,No
463,No
463,No
463,No
463,No
463,No
463,No
463,No
463,No
463,No
463,No
463,No
463,No
463,No
463,No
463,No
463,No
463,No
463,No
463,No
463,No
464,No
464,No
464,No
464,No
464,No
464,No
464,No
464,No
464,No
464,No
464,No
464,No
464,No
464,No
464,No
464,No
464,No
464,No
464,No
464,No
464,No
464,No
464,No
464,No
464,No
464,No
465,No
465,No
465,No
465,No
465,No
465,No
465,No
465,No
465,No
465,No
465,No
465,No
465,No
465,No
465,No
465,No
465,No
465,No
465,No
465,No
465,No
465,No
465,No
465,No
465,No
466,No
466,No
466,No
466,No
466,No
466,No
466,No
466,No
466,No
466,No
466,No
466,No
466,No
466,No
466,No
466,No
466,No
466,Yes
466,Yes
466,No
466,No
466,No
466,No
466,No
466,No
466,No
467,No
467,No
467,No
467,No
467,No
467,No
467,No
467,No
467,No
467,No
467,No
467,No
467,No
467,No
467,No
467,No
467,No
467,No
467,No
467,No
467,No
467,Yes
467,No
467,No
467,No
468,No
468,No
468,No
468,No
468,No
468,No
468,No
468,No
468,No
468,No
468,No
468,No
468,No
468,No
468,No
468,No
468,No
468,No
468,No
468,No
468,No
468,No
468,No
468,No
468,No
468,No
469,No
469,No
469,No
469,No
469,No
469,No
469,No
469,No
469,No
469,No
469,No
469,No
469,No
469,No
469,No
469,No
469,No
469,No
469,No
469,No
469,No
469,No
469,No
469,No
469,No
470,No
470,No
470,No
470,No
470,No
470,No
470,No
470,No
470,No
470,No
470,No
470,No
470,No
470,No
470,No
470,No
470,No
470,No
470,No
470,No
470,No
470,No
470,No
470,No
470,No
470,No
471,No
471,No
471,No
471,No
471,No
471,No
471,No
471,No
471,No
471,No
471,No
471,No
471,No
471,No
471,No
471,No
471,No
471,No
471,No
471,No
471,No
471,No
471,No
471,No
471,No
471,No
472,No
472,No
472,No
472,No
472,No
472,No
472,No
472,No
472,No
472,No
472,No
472,No
472,No
472,No
472,No
472,No
472,No
472,Yes
472,No
472,No
472,No
472,No
472,No
472,No
472,No
472,No
473,No
473,No
473,No
473,No
473,No
473,No
473,No
473,No
473,No
473,No
473,No
473,No
473,No
473,No
473,No
473,No
473,No
473,No
473,No
473,No
473,No
473,No
473,No
473,No
473,No
473,No
474,No
474,No
474,No
474,No
474,No
474,No
474,No
474,No
474,No
474,No
474,No
474,No
474,No
474,No
474,No
474,No
474,No
474,No
474,No
474,No
474,No
474,No
474,No
474,No
474,No
474,No
475,Yes
475,No
475,No
475,No
475,No
475,No
475,No
475,No
475,No
475,No
475,Yes
475,No
475,No
475,No
475,No
475,No
475,No
475,No
475,No
475,No
475,No
475,No
475,No
475,No
475,No
475,No
476,No
476,No
476,No
476,No
476,No
476,No
476,No
476,No
476,No
476,No
476,No
476,No
476,No
476,No
476,No
476,No
476,No
476,No
476,No
476,No
476,No
476,No
476,No
476,No
476,No
477,No
477,No
477,No
477,Yes
477,No
477,No
477,No
477,No
477,No
477,No
477,Yes
477,No
477,No
477,No
477,No
477,No
477,No
477,No
477,No
477,No
477,Yes
477,No
477,No
477,Yes
478,No
478,No
478,No
478,No
478,No
478,No
478,No
478,No
478,No
478,No
478,No
478,No
478,No
478,No
478,No
478,No
478,No
478,No
478,No
478,No
478,No
478,No
478,No
478,No
478,No
478,No
479,No
479,No
479,No
479,No
479,No
479,No
479,No
479,No
479,No
479,No
479,No
479,No
479,No
479,No
479,No
479,No
479,No
479,No
479,No
479,No
479,No
479,No
479,No
479,No
479,No
479,No
480,No
480,No
480,No
480,No
480,No
480,No
480,No
480,No
480,No
480,No
480,No
480,No
480,No
480,No
480,No
480,No
480,No
480,No
480,No
480,No
480,No
480,No
480,No
480,No
480,No
480,No
481,Yes
481,No
481,No
481,Yes
481,Yes
481,Yes
481,Yes
481,Yes
481,Yes
481,Yes
481,Yes
481,Yes
481,Yes
481,No
481,No
481,Yes
481,No
481,Yes
481,No
481,Yes
481,Yes
481,Yes
481,No
481,Yes
481,No
481,Yes
482,No
482,No
482,No
482,Yes
482,No
482,No
482,No
482,No
482,No
482,No
482,No
482,No
482,No
482,No
482,No
482,No
482,No
482,No
482,No
482,No
482,No
482,No
482,No
482,No
482,No
482,No
483,No
483,No
483,No
483,No
483,No
483,No
483,No
483,No
483,No
483,No
483,No
483,No
483,No
483,No
483,No
483,No
483,No
483,No
483,No
483,No
483,No
483,No
483,No
483,No
483,No
483,No
484,No
484,No
484,No
484,No
484,No
484,No
484,No
484,No
484,No
484,No
484,No
484,No
484,No
484,No
484,No
484,No
484,No
484,No
484,No
484,No
484,No
484,No
484,No
484,No
484,No
484,No
485,No
485,No
485,No
485,No
485,No
485,No
485,No
485,No
485,No
485,No
485,No
485,No
485,No
485,No
485,No
485,No
485,No
485,No
485,No
485,No
485,No
485,No
485,No
485,No
485,No
486,No
486,No
486,No
486,No
486,No
486,No
486,No
486,No
486,No
486,No
486,No
486,No
486,No
486,No
486,No
486,No
486,No
486,No
486,No
486,No
486,No
486,No
486,No
486,No
486,No
487,No
487,No
487,No
487,No
487,No
487,No
487,No
487,No
487,No
487,No
487,No
487,No
487,No
487,No
487,No
487,No
487,No
487,No
487,No
487,No
487,No
487,No
487,No
487,No
488,No
488,No
488,No
488,No
488,No
488,No
488,No
488,No
488,No
488,No
488,No
488,No
488,No
488,No
488,No
488,No
488,No
488,No
488,No
488,No
488,No
488,No
488,No
488,No
488,No
488,No
489,No
489,No
489,No
489,No
489,No
489,No
489,No
489,No
489,No
489,No
489,No
489,No
489,No
489,No
489,No
489,No
489,No
489,No
489,No
489,No
489,No
489,No
489,No
489,No
489,No
489,No
490,No
490,No
490,No
490,No
490,No
490,Yes
490,No
490,No
490,No
490,No
490,No
490,No
490,Yes
490,No
490,No
490,No
490,No
490,No
490,No
490,No
490,No
490,No
490,No
490,No
490,No
490,No
491,No
491,No
491,No
491,No
491,No
491,No
491,No
491,No
491,No
491,No
491,No
491,No
491,No
491,No
491,No
491,No
491,No
491,No
491,No
491,No
491,No
491,No
491,No
491,No
491,No
492,No
492,No
492,No
492,No
492,No
492,No
492,No
492,No
492,No
492,No
492,No
492,No
492,No
492,No
492,No
492,No
492,No
492,No
492,No
492,No
492,No
492,No
492,No
492,No
492,No
,
